번호,처리현황,신고번호,지역,접수일자,신고종류,활동종류,활동시작일,활동마지막일,기간
1,신고수리완료,2021-여수-102,여수,2021-10-10,건별 신고,수중,2021-10-10,2021-10-10,0
2,신고수리완료,2021-여수-101,여수,2021-10-09,건별 신고,수중,2021-10-09,2021-10-09,0
3,신고수리완료,2021-여수-98,여수,2021-10-04,건별 신고,수중,2021-10-04,2021-10-04,0
4,신고수리완료,2021-여수-92,여수,2021-10-03,건별 신고,수중,2021-10-03,2021-10-03,0
5,신고수리완료,2021-여수-94,여수,2021-10-03,건별 신고,수중,2021-10-03,2021-10-03,0
6,신고수리완료,2021-여수-90,여수,2021-10-02,건별 신고,수중,2021-10-02,2021-10-02,0
7,신고수리완료,2021-여수-88,여수,2021-09-23,건별 신고,수중,2021-09-23,2021-09-23,0
8,신고수리완료,2021-여수-86,여수,2021-09-22,건별 신고,수중,2021-09-22,2021-09-22,0
9,신고수리완료,2021-여수-85,여수,2021-09-12,건별 신고,수중,2021-09-12,2021-09-12,0
10,신고수리완료,2021-여수-83,여수,2021-09-11,건별 신고,수중,2021-09-11,2021-09-11,0
11,신고수리완료,2021-여수-84,여수,2021-09-11,건별 신고,수중,2021-09-11,2021-09-11,0
12,신고수리완료,2021-여수-82,여수,2021-09-10,건별 신고,수중,2021-09-10,2021-09-10,0
13,신고수리완료,2021-여수-80,여수,2021-08-30,건별 신고,수중,2021-08-30,2021-08-30,0
14,신고수리완료,2021-여수-81,여수,2021-08-30,건별 신고,수중,2021-08-30,2021-08-30,0
15,신고수리완료,2021-여수-78,여수,2021-08-29,건별 신고,수중,2021-08-29,2021-08-29,0
16,신고수리완료,2021-여수-79,여수,2021-08-29,건별 신고,수중,2021-08-29,2021-08-29,0
17,신고수리완료,2021-여수-69,여수,2021-08-28,건별 신고,수중,2021-08-28,2021-08-28,0
18,신고수리완료,2021-여수-75,여수,2021-08-28,건별 신고,수중,2021-08-28,2021-08-28,0
19,신고수리완료,2021-여수-68,여수,2021-08-27,건별 신고,수중,2021-08-27,2021-08-27,0
20,신고수리완료,2021-여수-67,여수,2021-08-26,건별 신고,수중,2021-08-26,2021-08-26,0
21,신고수리완료,2021-여수-66,여수,2021-08-20,건별 신고,수중,2021-08-20,2021-08-20,0
22,신고수리완료,2021-여수-65,여수,2021-08-16,건별 신고,수중,2021-08-16,2021-08-16,0
23,신고수리완료,2021-여수-63,여수,2021-08-15,건별 신고,수중,2021-08-15,2021-08-15,0
24,신고수리완료,2021-여수-60,여수,2021-08-13,기간제 신고,수중,2021-08-26,2021-11-25,91
25,신고수리완료,2021-여수-61,여수,2021-08-13,건별 신고,수중,2021-08-15,2021-08-15,0
26,신고수리완료,2021-여수-59,여수,2021-08-12,기간제 신고,수중,2021-08-26,2021-11-25,91
27,신고수리완료,2021-여수-58,여수,2021-08-11,건별 신고,수중,2021-08-11,2021-08-11,0
28,신고수리완료,2021-여수-50,여수,2021-08-10,건별 신고,수중,2021-08-10,2021-08-10,0
29,신고수리완료,2021-여수-49,여수,2021-08-08,건별 신고,수중,2021-08-08,2021-08-08,0
30,신고수리완료,2021-여수-48,여수,2021-08-07,건별 신고,수중,2021-08-07,2021-08-07,0
31,신고수리완료,2021-여수-47,여수,2021-08-06,건별 신고,수중,2021-08-06,2021-08-06,0
32,신고수리완료,2021-여수-45,여수,2021-08-01,건별 신고,수중,2021-08-01,2021-08-01,0
33,신고수리완료,2021-여수-44,여수,2021-07-31,건별 신고,수중,2021-07-31,2021-07-31,0
34,신고수리완료,2021-여수-40,여수,2021-07-30,건별 신고,수중,2021-07-28,2021-07-28,0
35,신고수리완료,2021-여수-41,여수,2021-07-30,건별 신고,수중,2021-07-30,2021-07-30,0
36,신고수리완료,2021-여수-42,여수,2021-07-30,건별 신고,수중,2021-07-30,2021-07-30,0
37,신고수리완료,2021-여수-39,여수,2021-07-29,건별 신고,수중,2021-07-28,2021-07-28,0
38,신고수리완료,2021-여수-38,여수,2021-07-28,건별 신고,수중,2021-07-28,2021-07-28,0
39,신고수리완료,2021-여수-37,여수,2021-07-27,건별 신고,수중,2021-07-18,2021-07-18,0
40,신고수리완료,2021-여수-36,여수,2021-07-18,건별 신고,수중,2021-07-18,2021-07-18,0
41,신고수리완료,2021-여수-31,여수,2021-07-17,건별 신고,수중,2021-07-17,2021-07-17,0
42,신고수리완료,2021-여수-28,여수,2021-06-26,건별 신고,수중,2021-06-27,2021-06-27,0
43,신고수리완료,2021-여수-27,여수,2021-06-25,건별 신고,수중,2021-06-26,2021-06-26,0
44,신고수리완료,2021-통영-1,통영,2021-06-25,기간제 신고,수상,2021-07-09,2021-09-30,83
45,신고수리완료,2021-여수-26,여수,2021-06-23,건별 신고,수중,2021-06-24,2021-06-24,0
46,신고수리완료,2021-여수-25,여수,2021-06-22,건별 신고,수중,2021-06-23,2021-06-23,0
47,신고수리완료,2021-여수-24,여수,2021-06-21,건별 신고,수중,2021-06-22,2021-06-22,0
48,신고수리완료,2021-여수-22,여수,2021-06-19,건별 신고,수중,2021-06-19,2021-06-19,0
49,신고수리완료,2021-서귀포-1,서귀포,2021-06-15,기간제 신고,수중,2021-06-30,2021-07-02,2
50,신고수리완료,2021-여수-19,여수,2021-06-05,건별 신고,수중,2021-06-05,2021-06-05,0
51,신고수리완료,2021-여수-20,여수,2021-06-05,건별 신고,수중,2021-06-06,2021-06-06,0
52,신고수리완료,2021-속초-6,속초,2021-06-04,건별 신고,수중,2021-06-19,2021-06-20,1
53,신고수리완료,2021-여수-16,여수,2021-06-03,기간제 신고,수중,2021-06-21,2021-08-24,64
54,신고수리완료,2021-여수-12,여수,2021-05-29,건별 신고,수중,2021-05-30,2021-05-30,0
55,신고수리완료,2021-여수-15,여수,2021-05-29,건별 신고,수중,2021-05-29,2021-05-29,0
56,신고수리완료,2021-제주-2,제주,2021-05-21,기간제 신고,수중,2021-06-04,2021-09-03,91
57,신고수리완료,2021-속초-2,속초,2021-05-13,기간제 신고,수중,2021-05-21,2021-09-30,132
58,신고수리완료,2021-속초-3,속초,2021-05-13,기간제 신고,수중,2021-05-21,2021-09-30,132
59,신고수리완료,2021-속초-4,속초,2021-05-13,건별 신고,수중,2021-05-28,2021-05-30,2
60,신고수리완료,2021-속초-5,속초,2021-05-13,건별 신고,수중,2021-05-28,2021-05-30,2
61,신고수리완료,2021-속초-1,속초,2021-05-07,기간제 신고,수중,2021-05-21,2021-09-30,132
62,신고수리완료,2021-여수-8,여수,2021-05-07,건별 신고,수중,2021-05-07,2021-05-07,0
63,신고수리완료,2021-여수-9,여수,2021-05-07,건별 신고,수중,2021-05-08,2021-05-08,0
64,신고수리완료,2021-여수-7,여수,2021-05-06,건별 신고,수중,2021-05-07,2021-05-07,0
65,신고수리완료,2021-여수-4,여수,2021-05-05,건별 신고,수중,2021-04-09,2021-04-09,0
66,신고수리완료,2021-여수-5,여수,2021-05-05,건별 신고,수중,2021-04-09,2021-04-09,0
67,신고수리완료,2021-여수-6,여수,2021-05-05,건별 신고,수중,2021-05-06,2021-05-06,0
68,신고수리완료,2021-여수-3,여수,2021-04-08,건별 신고,수중,2021-04-09,2021-04-09,0
69,신고수리완료,2021-여수-2,여수,2021-03-05,기간제 신고,수중,2021-03-21,2021-06-20,91
70,신고수리완료,2020-여수-86,여수,2020-11-30,기간제 신고,수중,2020-12-21,2021-03-20,89
71,신고수리완료,2020-여수-85,여수,2020-11-07,건별 신고,수중,2020-11-08,2020-11-08,0
72,신고수리완료,2020-여수-83,여수,2020-11-06,건별 신고,수중,2020-11-07,2020-11-07,0
73,신고수리완료,2020-여수-81,여수,2020-10-31,건별 신고,수중,2020-10-31,2020-10-31,0
74,신고수리완료,2020-여수-82,여수,2020-10-31,건별 신고,수중,2020-11-01,2020-11-01,0
75,신고수리완료,2020-서귀포-1,서귀포,2020-10-08,계획(변경)신고,수중,2020-10-24,2020-10-25,1
76,신고수리완료,2020-속초-10,속초,2020-10-08,건별 신고,수중,2020-10-10,2020-10-12,2
77,신고수리완료,2020-제주-4,제주,2020-09-24,기간제 신고,수중,2020-10-08,2020-11-30,53
78,신고수리완료,2020-여수-78,여수,2020-09-19,건별 신고,수중,2020-09-20,2020-09-20,0
79,신고수리완료,2020-여수-76,여수,2020-09-18,건별 신고,수중,2020-09-19,2020-09-19,0
80,신고수리완료,2020-여수-77,여수,2020-09-18,건별 신고,수중,2020-09-19,2020-09-19,0
81,신고수리완료,2020-속초-9,속초,2020-09-17,건별 신고,수중,2020-09-19,2020-09-20,1
82,신고수리완료,2020-여수-73,여수,2020-09-17,건별 신고,수중,2020-09-18,2020-09-18,0
83,신고수리완료,2020-여수-75,여수,2020-09-17,건별 신고,수중,2020-09-17,2020-09-17,0
84,신고수리완료,2020-통영-200,통영,2020-09-08,기간제 신고,수중,2020-09-22,2021-12-31,465
85,신고수리완료,2020-속초-8,속초,2020-09-04,건별 신고,수중,2020-09-05,2020-09-06,1
86,신고수리완료,2020-여수-67,여수,2020-08-29,건별 신고,수중,2020-08-30,2020-08-30,0
87,신고수리완료,2020-여수-66,여수,2020-08-28,건별 신고,수중,2020-08-29,2020-08-29,0
88,신고수리완료,2020-여수-65,여수,2020-08-27,기간제 신고,수중,2020-09-21,2020-12-20,90
89,신고수리완료,2020-여수-62,여수,2020-08-23,건별 신고,수중,2020-08-23,2020-08-23,0
90,신고수리완료,2020-통영-199,통영,2020-08-23,건별 신고,수상,2020-08-23,2020-08-23,0
91,신고수리완료,2020-여수-60,여수,2020-08-22,건별 신고,수중,2020-08-22,2020-08-22,0
92,신고수리완료,2020-통영-183,통영,2020-08-22,건별 신고,수상,2020-08-22,2020-08-22,0
93,신고수리완료,2020-통영-184,통영,2020-08-22,건별 신고,수상,2020-08-22,2020-08-22,0
94,신고수리완료,2020-통영-185,통영,2020-08-22,건별 신고,수상,2020-08-22,2020-08-22,0
95,신고수리완료,2020-통영-186,통영,2020-08-22,건별 신고,수상,2020-08-22,2020-08-22,0
96,신고수리완료,2020-통영-187,통영,2020-08-22,건별 신고,수상,2020-08-22,2020-08-22,0
97,신고수리완료,2020-통영-188,통영,2020-08-22,건별 신고,수상,2020-08-22,2020-08-22,0
98,신고수리완료,2020-통영-189,통영,2020-08-22,건별 신고,수상,2020-08-22,2020-08-22,0
99,신고수리완료,2020-통영-190,통영,2020-08-22,건별 신고,수상,2020-08-22,2020-08-22,0
100,신고수리완료,2020-통영-191,통영,2020-08-22,건별 신고,수상,2020-08-22,2020-08-22,0
101,신고수리완료,2020-통영-192,통영,2020-08-22,건별 신고,수상,2020-08-22,2020-08-22,0
102,신고수리완료,2020-통영-193,통영,2020-08-22,건별 신고,수상,2020-08-22,2020-08-22,0
103,신고수리완료,2020-통영-194,통영,2020-08-22,건별 신고,수상,2020-08-22,2020-08-22,0
104,신고수리완료,2020-통영-195,통영,2020-08-22,건별 신고,수상,2020-08-22,2020-08-22,0
105,신고수리완료,2020-통영-196,통영,2020-08-22,건별 신고,수상,2020-08-22,2020-08-22,0
106,신고수리완료,2020-통영-197,통영,2020-08-22,건별 신고,수상,2020-08-22,2020-08-22,0
107,신고수리완료,2020-통영-198,통영,2020-08-22,건별 신고,수상,2020-08-22,2020-08-22,0
108,신고수리완료,2020-통영-177,통영,2020-08-21,건별 신고,수상,2020-08-21,2020-08-21,0
109,신고수리완료,2020-통영-178,통영,2020-08-21,건별 신고,수상,2020-08-20,2020-08-20,0
110,신고수리완료,2020-통영-179,통영,2020-08-21,건별 신고,수상,2020-08-21,2020-08-21,0
111,신고수리완료,2020-통영-180,통영,2020-08-21,건별 신고,수상,2020-08-21,2020-08-21,0
112,신고수리완료,2020-통영-181,통영,2020-08-21,건별 신고,수상,2020-08-21,2020-08-21,0
113,신고수리완료,2020-통영-182,통영,2020-08-21,건별 신고,수상,2020-08-21,2020-08-21,0
114,신고수리완료,2020-통영-173,통영,2020-08-20,건별 신고,수상,2020-08-20,2020-08-20,0
115,신고수리완료,2020-통영-174,통영,2020-08-20,건별 신고,수상,2020-08-20,2020-08-20,0
116,신고수리완료,2020-통영-175,통영,2020-08-20,건별 신고,수상,2020-08-20,2020-08-20,0
117,신고수리완료,2020-통영-176,통영,2020-08-20,건별 신고,수상,2020-08-20,2020-08-20,0
118,신고수리완료,2020-통영-166,통영,2020-08-19,건별 신고,수상,2020-08-17,2020-08-17,0
119,신고수리완료,2020-통영-167,통영,2020-08-19,건별 신고,수상,2020-08-17,2020-08-17,0
120,신고수리완료,2020-통영-168,통영,2020-08-19,건별 신고,수상,2020-08-19,2020-08-19,0
121,신고수리완료,2020-통영-169,통영,2020-08-19,건별 신고,수상,2020-08-18,2020-08-18,0
122,신고수리완료,2020-통영-170,통영,2020-08-19,건별 신고,수상,2020-08-18,2020-08-18,0
123,신고수리완료,2020-통영-171,통영,2020-08-19,건별 신고,수상,2020-08-19,2020-08-19,0
124,신고수리완료,2020-통영-172,통영,2020-08-19,건별 신고,수상,2020-08-19,2020-08-19,0
125,신고수리완료,2020-여수-59,여수,2020-08-18,건별 신고,수중,2020-08-19,2020-08-19,0
126,신고수리완료,2020-통영-161,통영,2020-08-18,건별 신고,수상,2020-08-17,2020-08-17,0
127,신고수리완료,2020-통영-162,통영,2020-08-18,건별 신고,수상,2020-08-17,2020-08-17,0
128,신고수리완료,2020-통영-163,통영,2020-08-18,건별 신고,수상,2020-08-18,2020-08-18,0
129,신고수리완료,2020-통영-164,통영,2020-08-18,건별 신고,수상,2020-08-18,2020-08-18,0
130,신고수리완료,2020-통영-165,통영,2020-08-18,건별 신고,수상,2020-08-18,2020-08-18,0
131,신고수리완료,2020-여수-57,여수,2020-08-17,건별 신고,수중,2020-08-18,2020-08-18,0
132,신고수리완료,2020-통영-152,통영,2020-08-17,건별 신고,수상,2020-08-17,2020-08-17,0
133,신고수리완료,2020-통영-153,통영,2020-08-17,건별 신고,수상,2020-08-17,2020-08-17,0
134,신고수리완료,2020-통영-154,통영,2020-08-17,건별 신고,수상,2020-08-17,2020-08-17,0
135,신고수리완료,2020-통영-155,통영,2020-08-17,건별 신고,수상,2020-08-17,2020-08-17,0
136,신고수리완료,2020-통영-156,통영,2020-08-17,건별 신고,수상,2020-08-16,2020-08-16,0
137,신고수리완료,2020-통영-157,통영,2020-08-17,건별 신고,수상,2020-08-16,2020-08-16,0
138,신고수리완료,2020-통영-158,통영,2020-08-17,건별 신고,수상,2020-08-17,2020-08-17,0
139,신고수리완료,2020-통영-159,통영,2020-08-17,건별 신고,수상,2020-08-17,2020-08-17,0
140,신고수리완료,2020-통영-160,통영,2020-08-17,건별 신고,수상,2020-08-17,2020-08-17,0
141,신고수리완료,2020-여수-56,여수,2020-08-16,건별 신고,수중,2020-08-17,2020-08-17,0
142,신고수리완료,2020-통영-146,통영,2020-08-16,건별 신고,수상,2020-08-15,2020-08-15,0
143,신고수리완료,2020-통영-147,통영,2020-08-16,건별 신고,수상,2020-08-16,2020-08-16,0
144,신고수리완료,2020-통영-148,통영,2020-08-16,건별 신고,수상,2020-08-16,2020-08-16,0
145,신고수리완료,2020-통영-149,통영,2020-08-16,건별 신고,수상,2020-08-16,2020-08-16,0
146,신고수리완료,2020-통영-150,통영,2020-08-16,건별 신고,수상,2020-08-16,2020-08-16,0
147,신고수리완료,2020-통영-151,통영,2020-08-16,건별 신고,수상,2020-08-16,2020-08-16,0
148,신고수리완료,2020-여수-55,여수,2020-08-15,건별 신고,수중,2020-08-16,2020-08-16,0
149,신고수리완료,2020-통영-140,통영,2020-08-15,건별 신고,수상,2020-08-15,2020-08-15,0
150,신고수리완료,2020-통영-141,통영,2020-08-15,건별 신고,수상,2020-08-14,2020-08-14,0
151,신고수리완료,2020-통영-142,통영,2020-08-15,건별 신고,수상,2020-08-15,2020-08-15,0
152,신고수리완료,2020-통영-143,통영,2020-08-15,건별 신고,수상,2020-08-15,2020-08-15,0
153,신고수리완료,2020-통영-144,통영,2020-08-15,건별 신고,수상,2020-08-15,2020-08-15,0
154,신고수리완료,2020-통영-145,통영,2020-08-15,건별 신고,수상,2020-08-15,2020-08-15,0
155,신고수리완료,2020-여수-53,여수,2020-08-14,건별 신고,수중,2020-08-14,2020-08-14,0
156,신고수리완료,2020-여수-54,여수,2020-08-14,건별 신고,수중,2020-08-15,2020-08-15,0
157,신고수리완료,2020-통영-131,통영,2020-08-14,건별 신고,수상,2020-08-11,2020-08-11,0
158,신고수리완료,2020-통영-132,통영,2020-08-14,건별 신고,수상,2020-08-14,2020-08-14,0
159,신고수리완료,2020-통영-133,통영,2020-08-14,건별 신고,수상,2020-08-13,2020-08-13,0
160,신고수리완료,2020-통영-134,통영,2020-08-14,건별 신고,수상,2020-08-13,2020-08-13,0
161,신고수리완료,2020-통영-135,통영,2020-08-14,건별 신고,수상,2020-08-14,2020-08-14,0
162,신고수리완료,2020-통영-136,통영,2020-08-14,건별 신고,수상,2020-08-14,2020-08-14,0
163,신고수리완료,2020-통영-137,통영,2020-08-14,건별 신고,수상,2020-08-14,2020-08-14,0
164,신고수리완료,2020-통영-138,통영,2020-08-14,건별 신고,수상,2020-08-14,2020-08-14,0
165,신고수리완료,2020-통영-139,통영,2020-08-14,건별 신고,수상,2020-08-14,2020-08-14,0
166,신고수리완료,2020-통영-125,통영,2020-08-13,건별 신고,수상,2020-08-13,2020-08-13,0
167,신고수리완료,2020-통영-126,통영,2020-08-13,건별 신고,수상,2020-08-13,2020-08-13,0
168,신고수리완료,2020-통영-127,통영,2020-08-13,건별 신고,수상,2020-08-13,2020-08-13,0
169,신고수리완료,2020-통영-128,통영,2020-08-13,건별 신고,수상,2020-08-13,2020-08-13,0
170,신고수리완료,2020-통영-129,통영,2020-08-13,건별 신고,수상,2020-08-13,2020-08-13,0
171,신고수리완료,2020-통영-130,통영,2020-08-13,건별 신고,수상,2020-08-13,2020-08-13,0
172,신고수리완료,2020-통영-123,통영,2020-08-11,건별 신고,수상,2020-08-11,2020-08-11,0
173,신고수리완료,2020-통영-124,통영,2020-08-11,건별 신고,수상,2020-08-11,2020-08-11,0
174,신고수리완료,2020-제주-2,제주,2020-08-09,기간제 신고,수중,2020-08-23,2020-11-22,91
175,신고수리완료,2020-통영-113,통영,2020-08-09,건별 신고,수상,2020-08-08,2020-08-08,0
176,신고수리완료,2020-통영-114,통영,2020-08-09,건별 신고,수상,2020-08-08,2020-08-08,0
177,신고수리완료,2020-통영-115,통영,2020-08-09,건별 신고,수상,2020-08-08,2020-08-08,0
178,신고수리완료,2020-통영-116,통영,2020-08-09,건별 신고,수상,2020-08-08,2020-08-08,0
179,신고수리완료,2020-통영-117,통영,2020-08-09,건별 신고,수상,2020-08-09,2020-08-09,0
180,신고수리완료,2020-통영-118,통영,2020-08-09,건별 신고,수상,2020-08-09,2020-08-09,0
181,신고수리완료,2020-통영-119,통영,2020-08-09,건별 신고,수상,2020-08-09,2020-08-09,0
182,신고수리완료,2020-통영-120,통영,2020-08-09,건별 신고,수상,2020-08-09,2020-08-09,0
183,신고수리완료,2020-통영-121,통영,2020-08-09,건별 신고,수상,2020-08-09,2020-08-09,0
184,신고수리완료,2020-통영-122,통영,2020-08-09,건별 신고,수상,2020-08-09,2020-08-09,0
185,신고수리완료,2020-통영-109,통영,2020-08-08,건별 신고,수상,2020-08-07,2020-08-07,0
186,신고수리완료,2020-통영-110,통영,2020-08-08,건별 신고,수상,2020-08-08,2020-08-08,0
187,신고수리완료,2020-통영-111,통영,2020-08-08,건별 신고,수상,2020-08-08,2020-08-08,0
188,신고수리완료,2020-통영-112,통영,2020-08-08,건별 신고,수상,2020-08-08,2020-08-08,0
189,신고수리완료,2020-통영-105,통영,2020-08-07,건별 신고,수상,2020-08-07,2020-08-07,0
190,신고수리완료,2020-통영-106,통영,2020-08-07,건별 신고,수상,2020-08-07,2020-08-07,0
191,신고수리완료,2020-통영-107,통영,2020-08-07,건별 신고,수상,2020-08-07,2020-08-07,0
192,신고수리완료,2020-통영-108,통영,2020-08-07,건별 신고,수상,2020-08-07,2020-08-07,0
193,신고수리완료,2020-통영-102,통영,2020-08-05,건별 신고,수상,2020-08-05,2020-08-05,0
194,신고수리완료,2020-통영-103,통영,2020-08-05,건별 신고,수상,2020-08-05,2020-08-05,0
195,신고수리완료,2020-통영-104,통영,2020-08-05,건별 신고,수상,2020-08-05,2020-08-05,0
196,신고수리완료,2020-통영-100,통영,2020-08-04,건별 신고,수상,2020-08-04,2020-08-04,0
197,신고수리완료,2020-통영-101,통영,2020-08-04,건별 신고,수상,2020-08-04,2020-08-04,0
198,신고수리완료,2020-통영-97,통영,2020-08-04,건별 신고,수상,2020-08-02,2020-08-02,0
199,신고수리완료,2020-통영-98,통영,2020-08-04,건별 신고,수상,2020-08-04,2020-08-04,0
200,신고수리완료,2020-통영-99,통영,2020-08-04,건별 신고,수상,2020-08-04,2020-08-04,0
201,신고수리완료,2020-여수-52,여수,2020-08-03,건별 신고,수중,2020-08-04,2020-08-04,0
202,신고수리완료,2020-통영-92,통영,2020-08-03,건별 신고,수상,2020-08-03,2020-08-03,0
203,신고수리완료,2020-통영-93,통영,2020-08-03,건별 신고,수상,2020-08-03,2020-08-03,0
204,신고수리완료,2020-통영-94,통영,2020-08-03,건별 신고,수상,2020-08-03,2020-08-03,0
205,신고수리완료,2020-통영-95,통영,2020-08-03,건별 신고,수상,2020-08-03,2020-08-03,0
206,신고수리완료,2020-통영-96,통영,2020-08-03,건별 신고,수상,2020-08-03,2020-08-03,0
207,신고수리완료,2020-여수-51,여수,2020-08-02,건별 신고,수중,2020-08-03,2020-08-04,1
208,신고수리완료,2020-통영-79,통영,2020-08-02,건별 신고,수상,2020-08-02,2020-08-02,0
209,신고수리완료,2020-통영-80,통영,2020-08-02,건별 신고,수상,2020-08-01,2020-08-01,0
210,신고수리완료,2020-통영-81,통영,2020-08-02,건별 신고,수상,2020-08-01,2020-08-01,0
211,신고수리완료,2020-통영-82,통영,2020-08-02,건별 신고,수상,2020-08-01,2020-08-01,0
212,신고수리완료,2020-통영-83,통영,2020-08-02,건별 신고,수상,2020-08-02,2020-08-02,0
213,신고수리완료,2020-통영-84,통영,2020-08-02,건별 신고,수상,2020-08-02,2020-08-02,0
214,신고수리완료,2020-통영-85,통영,2020-08-02,건별 신고,수상,2020-08-02,2020-08-02,0
215,신고수리완료,2020-통영-86,통영,2020-08-02,건별 신고,수상,2020-08-02,2020-08-02,0
216,신고수리완료,2020-통영-87,통영,2020-08-02,건별 신고,수상,2020-08-02,2020-08-02,0
217,신고수리완료,2020-통영-88,통영,2020-08-02,건별 신고,수상,2020-08-02,2020-08-02,0
218,신고수리완료,2020-통영-89,통영,2020-08-02,건별 신고,수상,2020-08-02,2020-08-02,0
219,신고수리완료,2020-통영-90,통영,2020-08-02,건별 신고,수상,2020-08-02,2020-08-02,0
220,신고수리완료,2020-통영-91,통영,2020-08-02,건별 신고,수상,2020-08-02,2020-08-02,0
221,신고수리완료,2020-여수-50,여수,2020-08-01,건별 신고,수중,2020-08-02,2020-08-02,0
222,신고수리완료,2020-통영-67,통영,2020-08-01,건별 신고,수상,2020-08-01,2020-08-01,0
223,신고수리완료,2020-통영-68,통영,2020-08-01,건별 신고,수상,2020-08-01,2020-08-01,0
224,신고수리완료,2020-통영-69,통영,2020-08-01,건별 신고,수상,2020-08-01,2020-08-01,0
225,신고수리완료,2020-통영-70,통영,2020-08-01,건별 신고,수상,2020-08-01,2020-08-01,0
226,신고수리완료,2020-통영-71,통영,2020-08-01,건별 신고,수상,2020-08-01,2020-08-01,0
227,신고수리완료,2020-통영-72,통영,2020-08-01,건별 신고,수상,2020-08-01,2020-08-01,0
228,신고수리완료,2020-통영-73,통영,2020-08-01,건별 신고,수상,2020-08-01,2020-08-01,0
229,신고수리완료,2020-통영-74,통영,2020-08-01,건별 신고,수상,2020-08-01,2020-08-01,0
230,신고수리완료,2020-통영-75,통영,2020-08-01,건별 신고,수상,2020-08-01,2020-08-01,0
231,신고수리완료,2020-통영-76,통영,2020-08-01,건별 신고,수상,2020-08-01,2020-08-01,0
232,신고수리완료,2020-통영-77,통영,2020-08-01,건별 신고,수상,2020-08-01,2020-08-01,0
233,신고수리완료,2020-통영-78,통영,2020-08-01,건별 신고,수상,2020-08-01,2020-08-01,0
234,신고수리완료,2020-여수-49,여수,2020-07-31,건별 신고,수중,2020-08-01,2020-08-01,0
235,신고수리완료,2020-통영-57,통영,2020-07-31,건별 신고,수상,2020-07-30,2020-07-30,0
236,신고수리완료,2020-통영-58,통영,2020-07-31,건별 신고,수상,2020-07-31,2020-07-31,0
237,신고수리완료,2020-통영-59,통영,2020-07-31,건별 신고,수상,2020-07-31,2020-07-31,0
238,신고수리완료,2020-통영-60,통영,2020-07-31,건별 신고,수상,2020-07-31,2020-07-31,0
239,신고수리완료,2020-통영-61,통영,2020-07-31,건별 신고,수상,2020-07-31,2020-07-31,0
240,신고수리완료,2020-통영-62,통영,2020-07-31,건별 신고,수상,2020-07-31,2020-07-31,0
241,신고수리완료,2020-통영-63,통영,2020-07-31,건별 신고,수상,2020-07-31,2020-07-31,0
242,신고수리완료,2020-통영-64,통영,2020-07-31,건별 신고,수상,2020-07-31,2020-07-31,0
243,신고수리완료,2020-통영-65,통영,2020-07-31,건별 신고,수상,2020-07-31,2020-07-31,0
244,신고수리완료,2020-통영-66,통영,2020-07-31,건별 신고,수상,2020-07-31,2020-07-31,0
245,신고수리완료,2020-여수-47,여수,2020-07-30,건별 신고,수중,2020-07-30,2020-07-30,0
246,신고수리완료,2020-여수-48,여수,2020-07-30,건별 신고,수중,2020-07-31,2020-07-31,0
247,신고수리완료,2020-통영-50,통영,2020-07-30,건별 신고,수상,2020-07-30,2020-07-30,0
248,신고수리완료,2020-통영-51,통영,2020-07-30,건별 신고,수상,2020-07-30,2020-07-30,0
249,신고수리완료,2020-통영-52,통영,2020-07-30,건별 신고,수상,2020-07-29,2020-07-29,0
250,신고수리완료,2020-통영-53,통영,2020-07-30,건별 신고,수상,2020-07-30,2020-07-30,0
251,신고수리완료,2020-통영-54,통영,2020-07-30,건별 신고,수상,2020-07-30,2020-07-30,0
252,신고수리완료,2020-통영-55,통영,2020-07-30,건별 신고,수상,2020-07-30,2020-07-30,0
253,신고수리완료,2020-통영-56,통영,2020-07-30,건별 신고,수상,2020-07-30,2020-07-30,0
254,신고수리완료,2020-통영-45,통영,2020-07-29,건별 신고,수상,2020-07-27,2020-07-27,0
255,신고수리완료,2020-통영-46,통영,2020-07-29,건별 신고,수상,2020-07-27,2020-07-27,0
256,신고수리완료,2020-통영-47,통영,2020-07-29,건별 신고,수상,2020-07-27,2020-07-27,0
257,신고수리완료,2020-통영-48,통영,2020-07-29,건별 신고,수상,2020-07-29,2020-07-29,0
258,신고수리완료,2020-통영-49,통영,2020-07-29,건별 신고,수상,2020-07-29,2020-07-29,0
259,신고수리완료,2020-통영-43,통영,2020-07-27,건별 신고,수상,2020-07-26,2020-07-26,0
260,신고수리완료,2020-통영-44,통영,2020-07-27,건별 신고,수상,2020-07-27,2020-07-27,0
261,신고수리완료,2020-통영-40,통영,2020-07-26,건별 신고,수상,2020-07-26,2020-07-26,0
262,신고수리완료,2020-통영-41,통영,2020-07-26,건별 신고,수상,2020-07-26,2020-07-26,0
263,신고수리완료,2020-통영-42,통영,2020-07-26,건별 신고,수상,2020-07-26,2020-07-26,0
264,신고수리완료,2020-통영-33,통영,2020-07-25,건별 신고,수상,2020-07-22,2020-07-22,0
265,신고수리완료,2020-통영-34,통영,2020-07-25,건별 신고,수상,2020-07-25,2020-07-25,0
266,신고수리완료,2020-통영-35,통영,2020-07-25,건별 신고,수상,2020-07-25,2020-07-25,0
267,신고수리완료,2020-통영-36,통영,2020-07-25,건별 신고,수상,2020-07-25,2020-07-25,0
268,신고수리완료,2020-통영-37,통영,2020-07-25,건별 신고,수상,2020-07-25,2020-07-25,0
269,신고수리완료,2020-통영-38,통영,2020-07-25,건별 신고,수상,2020-07-25,2020-07-25,0
270,신고수리완료,2020-통영-39,통영,2020-07-25,건별 신고,수상,2020-07-25,2020-07-25,0
271,신고수리완료,2020-통영-32,통영,2020-07-23,건별 신고,수상,2020-07-23,2020-07-23,0
272,신고수리완료,2020-통영-29,통영,2020-07-22,건별 신고,수상,2020-07-21,2020-07-21,0
273,신고수리완료,2020-통영-30,통영,2020-07-22,건별 신고,수상,2020-07-22,2020-07-22,0
274,신고수리완료,2020-통영-31,통영,2020-07-22,건별 신고,수상,2020-07-22,2020-07-22,0
275,신고수리완료,2020-포항-2,포항,2020-07-22,기간제 신고,수중 수상,2020-08-05,2020-10-31,87
276,신고수리완료,2020-통영-28,통영,2020-07-21,건별 신고,수상,2020-07-21,2020-07-21,0
277,신고수리완료,2020-통영-25,통영,2020-07-20,건별 신고,수상,2020-07-19,2020-07-19,0
278,신고수리완료,2020-통영-26,통영,2020-07-20,건별 신고,수상,2020-07-20,2020-07-20,0
279,신고수리완료,2020-통영-27,통영,2020-07-20,건별 신고,수상,2020-07-20,2020-07-20,0
280,신고수리완료,2020-통영-22,통영,2020-07-19,건별 신고,수상,2020-07-19,2020-07-19,0
281,신고수리완료,2020-통영-23,통영,2020-07-19,건별 신고,수상,2020-07-19,2020-07-19,0
282,신고수리완료,2020-통영-24,통영,2020-07-19,건별 신고,수상,2020-07-19,2020-07-19,0
283,신고수리완료,2020-여수-46,여수,2020-07-18,건별 신고,수중,2020-07-19,2020-07-19,0
284,신고수리완료,2020-통영-18,통영,2020-07-18,건별 신고,수상,2020-07-18,2020-07-18,0
285,신고수리완료,2020-통영-19,통영,2020-07-18,건별 신고,수상,2020-07-18,2020-07-18,0
286,신고수리완료,2020-통영-20,통영,2020-07-18,건별 신고,수상,2020-07-18,2020-07-18,0
287,신고수리완료,2020-통영-21,통영,2020-07-18,건별 신고,수상,2020-07-18,2020-07-18,0
288,신고수리완료,2020-여수-44,여수,2020-07-17,건별 신고,수중,2020-07-18,2020-07-18,0
289,신고수리완료,2020-통영-17,통영,2020-07-17,건별 신고,수상,2020-07-17,2020-07-17,0
290,신고수리완료,2020-속초-7,속초,2020-07-16,건별 신고,수중,2020-07-18,2020-07-19,1
291,신고수리완료,2020-여수-43,여수,2020-07-16,건별 신고,수중,2020-07-16,2020-07-17,1
292,신고수리완료,2020-통영-15,통영,2020-07-16,건별 신고,수상,2020-07-16,2020-07-16,0
293,신고수리완료,2020-통영-16,통영,2020-07-16,건별 신고,수상,2020-07-16,2020-07-16,0
294,신고수리완료,2020-여수-42,여수,2020-07-15,건별 신고,수중,2020-07-16,2020-07-17,1
295,신고수리완료,2020-통영-14,통영,2020-07-11,건별 신고,수상,2020-07-11,2020-07-11,0
296,신고수리완료,2020-통영-8,통영,2020-07-11,건별 신고,수상,2020-07-11,2020-07-11,0
297,신고수리완료,2020-통영-9,통영,2020-07-11,기간제 신고,수상,2020-07-09,2020-09-30,83
298,신고수리완료,2020-통영-6,통영,2020-07-05,건별 신고,수상,2020-07-05,2020-07-05,0
299,신고수리완료,2020-여수-41,여수,2020-07-04,건별 신고,수중,2020-07-05,2020-07-05,0
300,신고수리완료,2020-통영-4,통영,2020-07-04,건별 신고,수상,2020-07-04,2020-07-04,0
301,신고수리완료,2020-통영-5,통영,2020-07-04,건별 신고,수상,2020-07-04,2020-07-04,0
302,신고수리완료,2020-속초-6,속초,2020-07-03,건별 신고,수중,2020-07-04,2020-07-05,1
303,신고수리완료,2020-여수-40,여수,2020-07-03,건별 신고,수중,2020-07-04,2020-07-04,0
304,신고수리완료,2020-속초-5,속초,2020-07-01,건별 신고,수중,2020-07-04,2020-07-05,1
305,신고수리완료,2020-여수-39,여수,2020-06-27,건별 신고,수중,2020-06-28,2020-06-28,0
306,신고수리완료,2020-여수-37,여수,2020-06-26,건별 신고,수중,2020-06-27,2020-06-27,0
307,신고수리완료,2020-통영-2,통영,2020-06-25,기간제 신고,수상,2020-07-09,2020-09-30,83
308,신고수리완료,2020-여수-36,여수,2020-06-20,건별 신고,수중,2020-06-21,2020-06-21,0
309,신고수리완료,2020-여수-33,여수,2020-06-19,건별 신고,수중,2020-06-20,2020-06-20,0
310,신고수리완료,2020-속초-3,속초,2020-06-18,건별 신고,수중,2020-07-04,2020-07-05,1
311,신고수리완료,2020-통영-1,통영,2020-06-16,기간제 신고,수상,2020-07-01,2020-08-31,61
312,신고수리완료,2020-속초-2,속초,2020-06-15,기간제 신고,수중,2020-06-29,2020-12-31,185
313,신고수리완료,2020-여수-25,여수,2020-06-06,기간제 신고,수중,2020-06-21,2020-09-20,91
314,신고수리완료,2020-여수-19,여수,2020-06-05,건별 신고,수중,2020-06-06,2020-06-06,0
315,신고수리완료,2020-여수-20,여수,2020-06-05,건별 신고,수중,2020-06-06,2020-06-06,0
316,신고수리완료,2020-여수-18,여수,2020-06-04,건별 신고,수중,2020-06-05,2020-06-05,0
317,신고수리완료,2020-여수-16,여수,2020-05-22,건별 신고,수중,2020-05-23,2020-05-23,0
318,신고수리완료,2020-여수-13,여수,2020-05-03,건별 신고,수중,2020-05-03,2020-05-03,0
319,신고수리완료,2020-여수-11,여수,2020-05-02,건별 신고,수중,2020-05-02,2020-05-02,0
320,신고수리완료,2020-여수-5,여수,2020-04-30,건별 신고,수중,2020-05-01,2020-05-01,0
321,신고수리완료,2020-여수-7,여수,2020-04-30,건별 신고,수중,2020-05-01,2020-05-01,0
322,신고수리완료,2020-여수-4,여수,2020-04-29,건별 신고,수중,2020-04-30,2020-04-30,0
323,신고수리완료,2020-제주-1,제주,2020-04-15,기간제 신고,수중,2020-04-29,2020-07-28,90
324,신고수리완료,2020-여수-3,여수,2020-03-03,기간제 신고,수중,2020-03-21,2020-06-20,91
325,신고수리완료,2020-여수-2,여수,2020-01-11,건별 신고,수중,2020-01-12,2020-01-12,0
326,신고수리완료,2020-여수-1,여수,2020-01-10,건별 신고,수중,2020-01-11,2020-01-11,0
327,신고수리완료,2019-속초-32,속초,2019-11-26,기간제 신고,수중,2019-11-22,2020-11-21,365
328,신고수리완료,2019-여수-58,여수,2019-11-24,기간제 신고,수중,2019-12-21,2020-03-20,90
329,신고수리완료,2019-여수-57,여수,2019-11-23,건별 신고,수중,2019-11-17,2019-11-17,0
330,신고수리완료,2019-여수-56,여수,2019-11-16,건별 신고,수중,2019-11-17,2019-11-17,0
331,신고수리완료,2019-여수-55,여수,2019-11-02,건별 신고,수중,2019-11-03,2019-11-03,0
332,신고수리완료,2019-여수-54,여수,2019-11-01,건별 신고,수중,2019-11-02,2019-11-02,0
333,신고수리완료,2019-여수-49,여수,2019-10-30,건별 신고,수중,2019-10-30,2019-10-30,0
334,신고수리완료,2019-여수-48,여수,2019-10-26,건별 신고,수중,2019-10-27,2019-10-27,0
335,신고수리완료,2019-여수-47,여수,2019-10-25,건별 신고,수중,2019-10-26,2019-10-26,0
336,신고수리완료,2019-여수-46,여수,2019-10-18,건별 신고,수중,2019-10-19,2019-10-19,0
337,신고수리완료,2019-제주-10,제주,2019-10-10,기간제 신고,수중,2019-10-25,2020-01-24,91
338,신고수리완료,2019-속초-29,속초,2019-10-08,건별 신고,수중,2019-10-26,2019-10-26,0
339,신고수리완료,2019-속초-30,속초,2019-10-08,건별 신고,수중,2019-10-26,2019-10-26,0
340,신고수리완료,2019-속초-30,속초,2019-10-08,건별 신고,수중,2019-10-26,2019-10-26,0
341,신고수리완료,2019-여수-40,여수,2019-10-07,건별 신고,수중,2019-10-08,2019-10-08,0
342,신고수리완료,2019-여수-38,여수,2019-10-06,건별 신고,수중,2019-10-07,2019-10-07,0
343,신고수리완료,2019-속초-26,속초,2019-09-30,건별 신고,수중,2019-09-21,2019-09-21,0
344,신고수리완료,2019-속초-27,속초,2019-09-30,건별 신고,수중,2019-09-21,2019-09-21,0
345,신고수리완료,2019-속초-28,속초,2019-09-30,건별 신고,수중,2019-10-26,2019-10-26,0
346,신고수리완료,2019-여수-43,여수,2019-09-28,건별 신고,수중,2019-09-29,2019-09-29,0
347,신고수리완료,2019-여수-42,여수,2019-09-27,건별 신고,수중,2019-09-28,2019-09-28,0
348,신고수리완료,2019-서귀포-5,서귀포,2019-09-20,계획(변경)신고,수중,2019-10-05,2019-10-06,1
349,신고수리완료,2019-속초-25,속초,2019-09-19,건별 신고,수중,2019-09-21,2019-09-21,0
350,신고수리완료,2019-여수-37,여수,2019-09-01,기간제 신고,수중,2019-09-21,2019-12-20,90
351,신고수리완료,2019-여수-36,여수,2019-08-25,건별 신고,수중,2019-08-25,2019-08-25,0
352,신고수리완료,2019-속초-21,속초,2019-08-24,기간제 신고,수중,2019-09-07,2019-12-31,115
353,신고수리완료,2019-여수-33,여수,2019-08-23,건별 신고,수중,2019-08-24,2019-08-24,0
354,신고수리완료,2019-여수-32,여수,2019-08-22,건별 신고,수중,2019-08-23,2019-08-23,0
355,신고수리완료,2019-여수-29,여수,2019-08-21,기간제 신고,수중,2019-09-04,2019-09-20,16
356,신고수리완료,2019-여수-27,여수,2019-08-16,건별 신고,수중,2019-08-17,2019-08-17,0
357,신고수리완료,2019-속초-18,속초,2019-08-13,기간제 신고,수중,2019-08-29,2019-08-31,2
358,신고수리완료,2019-여수-26,여수,2019-08-03,건별 신고,수중,2019-08-04,2019-08-04,0
359,신고수리완료,2019-여수-25,여수,2019-08-02,건별 신고,수중,2019-08-03,2019-08-03,0
360,신고수리완료,2019-여수-24,여수,2019-08-01,건별 신고,수중,2019-08-02,2019-08-02,0
361,신고수리완료,2019-여수-22,여수,2019-07-27,건별 신고,수중,2019-07-28,2019-07-28,0
362,신고수리완료,2019-여수-20,여수,2019-07-26,건별 신고,수중,2019-07-26,2019-07-26,0
363,신고수리완료,2019-여수-21,여수,2019-07-26,건별 신고,수중,2019-07-27,2019-07-27,0
364,신고수리완료,2019-포항-2,포항,2019-07-26,기간제 신고,수중,2019-08-09,2019-08-31,22
365,신고수리완료,2019-속초-15,속초,2019-07-17,기간제 신고,수중,2019-08-01,2019-10-31,91
366,신고수리완료,2019-속초-16,속초,2019-07-17,기간제 신고,수중,2019-08-01,2019-10-31,91
367,신고수리완료,2019-통영-2,통영,2019-07-17,기간제 신고,수상,2019-07-31,2019-09-08,39
368,신고수리완료,2019-동해-2,동해,2019-07-15,기간제 신고,수중,2019-08-01,2019-10-31,91
369,신고수리완료,2019-속초-14,속초,2019-07-15,기간제 신고,수중,2019-08-01,2019-10-31,91
370,신고수리완료,2019-여수-18,여수,2019-07-13,건별 신고,수중,2019-07-14,2019-07-14,0
371,신고수리완료,2019-여수-15,여수,2019-07-12,건별 신고,수중,2019-07-13,2019-07-13,0
372,신고수리완료,2019-속초-12,속초,2019-07-11,기간제 신고,수중,2019-07-26,2019-11-17,114
373,신고수리완료,2019-제주-7,제주,2019-07-11,기간제 신고,수중,2019-07-25,2019-10-24,91
374,신고수리완료,2019-평택-2,평택,2019-07-11,계획(변경)신고,일반,2019-07-26,2019-07-28,2
375,신고수리완료,2019-여수-13,여수,2019-07-08,건별 신고,수중,2019-07-09,2019-07-09,0
376,신고수리완료,2019-제주-6,제주,2019-07-06,계획(변경)신고,수상,2019-07-21,2019-07-21,0
377,신고수리완료,2019-속초-9,속초,2019-06-28,기간제 신고,수중,2019-08-11,2019-10-31,81
378,신고수리완료,2019-제주-4,제주,2019-06-26,계획(변경)신고,수중,2019-07-10,2019-10-31,113
379,신고수리완료,2019-제주-5,제주,2019-06-26,계획(변경)신고,수중,2019-07-10,2019-10-31,113
380,신고수리완료,2019-속초-6,속초,2019-06-24,건별 신고,수중,2019-06-24,2019-06-26,2
381,신고수리완료,2019-속초-7,속초,2019-06-24,기간제 신고,수중,2019-07-12,2019-07-22,10
382,신고수리완료,2019-여수-10,여수,2019-06-21,기간제 신고,수중,2019-07-04,2019-09-03,61
383,신고수리완료,2019-여수-11,여수,2019-06-21,건별 신고,수중,2019-06-22,2019-06-22,0
384,신고수리완료,2019-속초-5,속초,2019-06-14,기간제 신고,수중,2019-07-01,2019-12-31,183
385,신고수리완료,2019-여수-7,여수,2019-06-08,건별 신고,수중,2019-06-09,2019-06-09,0
386,신고수리완료,2019-속초-3,속초,2019-06-07,기간제 신고,수중,2019-06-22,2019-09-21,91
387,신고수리완료,2019-속초-4,속초,2019-06-07,건별 신고,수중,2019-06-09,2019-06-09,0
388,신고수리완료,2019-여수-6,여수,2019-06-07,건별 신고,수중,2019-06-08,2019-06-08,0
389,신고수리완료,2019-여수-9,여수,2019-05-25,건별 신고,수중,2019-05-26,2019-05-26,0
390,신고수리완료,2019-여수-5,여수,2019-05-24,건별 신고,수중,2019-05-24,2019-05-24,0
391,신고수리완료,2019-여수-7,여수,2019-05-24,건별 신고,수중,2019-05-25,2019-05-25,0
392,신고수리완료,2019-속초-2,속초,2019-04-27,기간제 신고,수중,2019-05-11,2019-06-14,34
393,신고수리완료,2019-서귀포-1,서귀포,2019-04-23,계획(변경)신고,수상,2019-05-11,2019-05-11,0
394,신고수리완료,2019-제주-2,제주,2019-04-23,기간제 신고,수중,2019-05-07,2019-08-31,116
395,신고수리완료,2019-평택-1,평택,2019-04-19,계획(변경)신고,일반,2019-05-05,2019-05-05,0
396,신고수리완료,2019-여수-2,여수,2019-03-14,계획(변경)신고,일반,2019-04-18,2019-04-20,2
397,신고수리완료,2019-여수-1,여수,2019-03-05,기간제 신고,수중,2019-04-04,2019-07-03,90
398,신고수리완료,2019-제주-1,제주,2019-01-26,기간제 신고,수중,2019-02-09,2019-05-09,89
399,신고수리완료,2018-여수-13,여수,2018-12-14,기간제 신고,수중,2019-01-04,2019-04-03,89
400,신고수리완료,2018-여수-12,여수,2018-09-20,기간제 신고,수중,2018-10-04,2019-01-03,91
401,신고수리완료,2018-서귀포-20,서귀포,2018-09-17,계획(변경)신고,수중,2018-10-02,2018-10-03,1
402,신고수리완료,2018-제주-4,제주,2018-09-10,기간제 신고,수중,2018-09-14,2018-12-13,90
403,신고수리완료,2018-서귀포-19,서귀포,2018-09-04,기간제 신고,수중,2018-09-19,2018-12-18,90
404,신고수리완료,2018-속초-46,속초,2018-07-28,건별 신고,수중,2018-07-29,2018-07-29,0
405,신고수리완료,2018-속초-45,속초,2018-07-27,건별 신고,수중,2018-07-28,2018-07-29,1
406,신고수리완료,2018-속초-43,속초,2018-07-17,건별 신고,수중,2018-07-18,2018-07-19,1
407,신고수리완료,2018-속초-42,속초,2018-07-09,건별 신고,수중,2018-07-14,2018-07-15,1
408,신고수리완료,2018-속초-43,속초,2018-07-09,건별 신고,수중,2018-08-01,2018-08-05,4
409,신고수리완료,2018-통영-3,통영,2018-07-09,기간제 신고,수상,2018-07-23,2018-08-31,39
410,신고수리완료,2018-제주-3,제주,2018-07-03,기간제 신고,수상,2018-07-22,2018-07-22,0
411,신고수리완료,2018-속초-40,속초,2018-06-22,건별 신고,수중,2018-06-22,2018-06-22,0
412,신고수리완료,2018-속초-41,속초,2018-06-22,건별 신고,수중,2018-06-22,2018-06-22,0
413,신고수리완료,2018-속초-39,속초,2018-06-20,기간제 신고,수중,2018-07-04,2018-10-31,119
414,신고수리완료,2018-서귀포-17,서귀포,2018-06-19,기간제 신고,수중,2018-07-03,2018-10-02,91
415,신고수리완료,2018-속초-38,속초,2018-06-19,기간제 신고,수중,2018-07-03,2018-12-31,181
416,신고수리완료,2018-속초-37,속초,2018-06-18,기간제 신고,수중,2018-07-02,2018-10-31,121
417,신고수리완료,2018-속초-36,속초,2018-06-16,건별 신고,수중,2018-06-16,2018-06-17,1
418,신고수리완료,2018-속초-34,속초,2018-06-14,계획(변경)신고,수중,2018-06-30,2018-07-01,1
419,신고수리완료,2018-속초-35,속초,2018-06-14,기간제 신고,수중,2018-06-28,2018-12-31,186
420,신고수리완료,2018-속초-32,속초,2018-06-13,건별 신고,수중,2018-06-13,2018-06-13,0
421,신고수리완료,2018-속초-33,속초,2018-06-13,건별 신고,수중,2018-06-13,2018-06-13,0
422,신고수리완료,2018-속초-28,속초,2018-06-06,건별 신고,수중,2018-06-03,2018-06-03,0
423,신고수리완료,2018-속초-29,속초,2018-06-06,건별 신고,수중,2018-06-03,2018-06-03,0
424,신고수리완료,2018-속초-30,속초,2018-06-06,건별 신고,수중,2018-06-03,2018-06-03,0
425,신고수리완료,2018-속초-31,속초,2018-06-06,건별 신고,수중,2018-06-06,2018-06-06,0
426,신고수리완료,2018-속초-27,속초,2018-06-03,건별 신고,수중,2018-06-03,2018-06-03,0
427,신고수리완료,2018-속초-25,속초,2018-06-01,건별 신고,수중,2018-06-02,2018-06-03,1
428,신고수리완료,2018-속초-26,속초,2018-06-01,건별 신고,수중,2018-06-02,2018-06-03,1
429,신고수리완료,2018-제주-2,제주,2018-05-30,기간제 신고,수중,2018-06-13,2018-09-13,92
430,신고수리완료,2018-속초-24,속초,2018-05-26,건별 신고,수중,2018-05-26,2018-05-27,1
431,신고수리완료,2018-동해-6,동해,2018-05-22,기간제 신고,수중,2018-06-08,2018-09-01,85
432,신고수리완료,2018-속초-23,속초,2018-05-17,기간제 신고,수중,2018-06-02,2018-06-03,1
433,신고수리완료,2018-서귀포-16,서귀포,2018-05-15,기간제 신고,수중,2018-06-01,2018-08-25,85
434,신고수리완료,2018-서귀포-15,서귀포,2018-05-14,기간제 신고,수중,2018-06-01,2018-08-25,85
435,신고수리완료,2018-속초-22,속초,2018-05-12,건별 신고,수중,2018-05-12,2018-05-12,0
436,신고수리완료,2018-속초-21,속초,2018-05-09,기간제 신고,수중,2018-05-15,2018-12-31,230
437,신고수리완료,2018-동해-5,동해,2018-05-08,기간제 신고,수중,2018-05-22,2018-07-21,60
438,신고수리완료,2018-동해-1,동해,2018-05-04,기간제 신고,수중,2018-05-18,2018-07-17,60
439,신고수리완료,2018-동해-3,동해,2018-05-04,기간제 신고,수중,2018-05-18,2018-08-17,91
440,신고수리완료,2018-여수-10,여수,2018-04-27,기간제 신고,수중,2018-05-11,2018-08-10,91
441,신고수리완료,2018-평택-1,평택,2018-04-26,계획(변경)신고,일반,2018-05-19,2018-05-19,0
442,신고수리완료,2018-평택-2,평택,2018-04-26,계획(변경)신고,일반,2018-05-13,2018-05-13,0
443,신고수리완료,2018-속초-19,속초,2018-04-18,기간제 신고,수중,2018-05-02,2018-08-01,91
444,신고수리완료,2018-서귀포-14,서귀포,2018-04-17,계획(변경)신고,수상,2018-05-12,2018-05-12,0
445,신고수리완료,2018-서귀포-11,서귀포,2018-04-11,기간제 신고,수중,2018-04-25,2018-07-24,90
446,신고수리완료,2018-속초-16,속초,2018-04-10,기간제 신고,수중,2018-04-24,2018-06-30,67
447,신고수리완료,2018-속초-17,속초,2018-04-10,기간제 신고,수중,2018-04-24,2018-07-23,90
448,신고수리완료,2018-포항-3,포항,2018-04-09,기간제 신고,수중,2018-04-14,2018-06-10,57
449,신고수리완료,2018-속초-15,속초,2018-03-24,건별 신고,수중,2018-03-24,2018-03-24,0
450,신고수리완료,2018-속초-14,속초,2018-03-23,기간제 신고,수중,2018-04-06,2018-04-14,8
451,신고수리완료,2018-속초-13,속초,2018-03-22,기간제 신고,수중,2018-04-05,2018-06-29,85
452,신고수리완료,2018-여수-6,여수,2018-03-21,기간제 신고,수중,2018-04-04,2018-04-14,10
453,신고수리완료,2018-여수-5,여수,2018-03-20,기간제 신고,수중,2018-04-15,2018-07-14,90
454,신고수리완료,2018-제주-1,제주,2018-03-20,기간제 신고,수중,2018-04-03,2018-06-01,59
455,신고수리완료,2018-속초-12,속초,2018-03-19,기간제 신고,수중,2018-04-02,2018-06-30,89
456,신고수리완료,2018-여수-4,여수,2018-03-16,기간제 신고,수중,2018-04-01,2018-06-30,90
457,신고수리완료,2018-서귀포-10,서귀포,2018-03-14,기간제 신고,수중,2018-03-28,2018-06-27,91
458,신고수리완료,2018-동해-1,동해,2018-03-05,기간제 신고,수중,2018-03-19,2018-05-18,60
459,신고수리완료,2018-서귀포-9,서귀포,2018-03-02,기간제 신고,수중,2018-03-16,2018-04-15,30
460,신고수리완료,2018-서귀포-5,서귀포,2018-02-23,건별 신고,수중,2018-02-23,2018-02-23,0
461,신고수리완료,2018-여수-3,여수,2018-02-17,기간제 신고,수중,2018-03-03,2018-04-14,42
462,신고수리완료,2018-여수-2,여수,2018-02-12,기간제 신고,수중,2018-02-26,2018-05-25,88
463,신고수리완료,2018-서귀포-3,서귀포,2018-01-28,건별 신고,수중,2018-01-28,2018-01-28,0
464,신고수리완료,2018-서귀포-2,서귀포,2018-01-27,건별 신고,수중,2018-01-27,2018-01-27,0
465,신고수리완료,2018-속초-10,속초,2018-01-26,기간제 신고,수중,2018-02-09,2018-05-08,88
466,신고수리완료,2018-서귀포-1,서귀포,2018-01-24,건별 신고,수중,2018-01-24,2018-01-24,0
467,신고수리완료,2018-속초-8,속초,2018-01-12,건별 신고,수중,2018-01-12,2018-01-12,0
468,신고수리완료,2018-속초-9,속초,2018-01-12,건별 신고,수중,2018-01-13,2018-01-14,1
469,신고수리완료,2018-속초-7,속초,2018-01-11,건별 신고,수중,2018-01-12,2018-01-12,0
470,신고수리완료,2018-속초-6,속초,2018-01-10,기간제 신고,수중,2018-01-24,2018-04-23,89
471,신고수리완료,2018-여수-1,여수,2018-01-10,기간제 신고,수중,2018-02-09,2018-04-14,64
472,신고수리완료,2018-포항-1,포항,2018-01-07,기간제 신고,수중,2018-01-22,2018-04-22,90
473,신고수리완료,2018-속초-5,속초,2018-01-05,건별 신고,수중,2018-01-06,2018-01-07,1
474,신고수리완료,2018-속초-4,속초,2018-01-03,건별 신고,수중,2018-01-03,2018-01-04,1
475,신고수리완료,2018-속초-1,속초,2018-01-02,기간제 신고,수중,2018-01-30,2018-01-30,0
476,신고수리완료,2017-서귀포-56,서귀포,2017-12-31,건별 신고,수중,2017-12-31,2017-12-31,0
477,신고수리완료,2017-속초-25,속초,2017-12-29,기간제 신고,수중,2018-01-12,2018-03-31,78
478,신고수리완료,2017-서귀포-50,서귀포,2017-12-23,건별 신고,수중,2017-12-22,2017-12-22,0
479,신고수리완료,2017-서귀포-51,서귀포,2017-12-23,건별 신고,수중,2017-12-22,2017-12-22,0
480,신고수리완료,2017-서귀포-52,서귀포,2017-12-23,건별 신고,수중,2017-12-23,2017-12-23,0
481,신고수리완료,2017-서귀포-53,서귀포,2017-12-23,건별 신고,수중,2017-12-23,2017-12-23,0
482,신고수리완료,2017-서귀포-54,서귀포,2017-12-23,건별 신고,수중,2017-12-24,2017-12-24,0
483,신고수리완료,2017-서귀포-49,서귀포,2017-12-22,건별 신고,수중,2017-12-22,2017-12-22,0
484,신고수리완료,2017-여수-4,여수,2017-12-17,기간제 신고,수중,2018-01-01,2018-03-31,89
485,신고수리완료,2017-서귀포-48,서귀포,2017-12-16,건별 신고,수중,2017-12-16,2017-12-16,0
486,신고수리완료,2017-속초-24,속초,2017-12-14,기간제 신고,수중,2018-01-01,2018-03-31,89
487,신고수리완료,2017-속초-23,속초,2017-12-10,건별 신고,수중,2017-12-10,2017-12-10,0
488,신고수리완료,2017-서귀포-47,서귀포,2017-12-09,건별 신고,수중,2017-12-09,2017-12-09,0
489,신고수리완료,2017-부산-5,부산,2017-12-08,기간제 신고,수중,2018-01-01,2018-01-31,30
490,신고수리완료,2017-속초-22,속초,2017-12-01,건별 신고,수중,2017-12-01,2017-12-02,1
491,신고수리완료,2017-서귀포-46,서귀포,2017-11-25,건별 신고,수중,2017-11-26,2017-11-26,0
492,신고수리완료,2017-서귀포-45,서귀포,2017-11-18,건별 신고,수중,2017-11-19,2017-11-19,0
493,신고수리완료,2017-부산-4,부산,2017-11-17,기간제 신고,수중,2017-12-01,2017-12-31,30
494,신고수리완료,2017-서귀포-44,서귀포,2017-11-17,건별 신고,수중,2017-11-18,2017-11-18,0
495,신고수리완료,2017-서귀포-43,서귀포,2017-11-16,건별 신고,수중,2017-11-17,2017-11-17,0
496,신고수리완료,2017-서귀포-41,서귀포,2017-11-13,기간제 신고,수중,2017-11-27,2018-02-26,91
497,신고수리완료,2017-부산-3,부산,2017-11-12,건별 신고,수중,2017-11-12,2017-11-12,0
498,신고수리완료,2017-서귀포-40,서귀포,2017-11-12,건별 신고,수중,2017-11-12,2017-11-12,0
499,신고수리완료,2017-속초-21,속초,2017-11-12,기간제 신고,수중,2017-11-26,2017-12-31,35
500,신고수리완료,2017-서귀포-37,서귀포,2017-11-11,건별 신고,수중,2017-11-11,2017-11-11,0
501,신고수리완료,2017-서귀포-38,서귀포,2017-11-11,건별 신고,수중,2017-11-11,2017-11-11,0
502,신고수리완료,2017-서귀포-39,서귀포,2017-11-11,건별 신고,수중,2017-11-12,2017-11-12,0
503,신고수리완료,2017-서귀포-33,서귀포,2017-11-10,건별 신고,수중,2017-11-11,2017-11-11,0
504,신고수리완료,2017-서귀포-34,서귀포,2017-11-10,건별 신고,수중,2017-11-12,2017-11-12,0
505,신고수리완료,2017-속초-19,속초,2017-11-09,기간제 신고,수중,2017-11-25,2018-11-24,364
506,신고수리완료,2017-여수-3,여수,2017-11-08,기간제 신고,수중,2017-11-23,2018-02-22,91
507,신고수리완료,2017-부산-2,부산,2017-11-04,건별 신고,수중,2017-11-04,2017-11-05,1
508,신고수리완료,2017-서귀포-27,서귀포,2017-11-03,건별 신고,수중,2017-11-03,2017-11-03,0
509,신고수리완료,2017-포항-130,포항,2017-10-28,건별 신고,수중,2017-10-28,2017-10-28,0
510,신고수리완료,2017-서귀포-26,서귀포,2017-10-27,기간제 신고,수중,2017-11-10,2018-02-09,91
511,신고수리완료,2017-속초-18,속초,2017-10-26,기간제 신고,수중,2017-11-09,2018-02-08,91
512,신고수리완료,2017-제주-7,제주,2017-10-26,기간제 신고,수중,2017-11-09,2018-01-09,61
513,신고수리완료,2017-속초-17,속초,2017-10-25,기간제 신고,수중,2017-11-08,2017-12-31,53
514,신고수리완료,2017-속초-16,속초,2017-10-23,기간제 신고,수중,2017-11-06,2017-12-31,55
515,신고수리완료,2017-여수-2,여수,2017-10-21,기간제 신고,수중,2017-11-09,2018-02-08,91
516,신고수리완료,2017-속초-15,속초,2017-10-20,기간제 신고,수중,2017-11-03,2017-12-31,58
517,신고수리완료,2017-서귀포-25,서귀포,2017-10-19,기간제 신고,수중,2017-11-02,2018-02-02,92
518,신고수리완료,2017-속초-14,속초,2017-10-19,기간제 신고,수중,2017-11-02,2017-12-31,59
519,신고수리완료,2017-여수-1,여수,2017-10-19,기간제 신고,수중,2017-11-03,2017-12-31,58
520,신고수리완료,2017-서귀포-23,서귀포,2017-10-18,기간제 신고,수중,2017-11-01,2018-01-31,91
521,신고수리완료,2017-부산-1,부산,2017-10-16,기간제 신고,수중,2017-10-31,2017-11-30,30
522,신고수리완료,2017-서귀포-19,서귀포,2017-10-16,기간제 신고,수중,2017-10-30,2017-11-30,31
523,신고수리완료,2017-속초-12,속초,2017-10-16,기간제 신고,수중,2017-10-30,2018-01-30,92
524,신고수리완료,2017-속초-13,속초,2017-10-16,기간제 신고,수중,2017-10-30,2017-12-31,62
525,신고수리완료,2017-포항-129,포항,2017-10-14,건별 신고,수중,2017-10-14,2017-10-14,0
526,신고수리완료,2017-포항-128,포항,2017-10-11,건별 신고,수중,2017-10-11,2017-10-11,0
527,신고수리완료,2017-포항-126,포항,2017-10-09,건별 신고,수중,2017-10-08,2017-10-08,0
528,신고수리완료,2017-포항-127,포항,2017-10-09,건별 신고,수중,2017-10-09,2017-10-09,0
529,신고수리완료,2017-포항-124,포항,2017-10-08,건별 신고,수중,2017-10-08,2017-10-08,0
530,신고수리완료,2017-포항-125,포항,2017-10-08,건별 신고,수중,2017-10-08,2017-10-08,0
531,신고수리완료,2017-포항-121,포항,2017-10-07,건별 신고,수중,2017-10-07,2017-10-07,0
532,신고수리완료,2017-포항-122,포항,2017-10-07,기간제 신고,수중,2017-10-21,2017-11-21,31
533,신고수리완료,2017-포항-123,포항,2017-10-07,건별 신고,수중,2017-10-07,2017-10-07,0
534,신고수리완료,2017-포항-120,포항,2017-10-05,건별 신고,수중,2017-10-05,2017-10-05,0
535,신고수리완료,2017-포항-118,포항,2017-10-01,건별 신고,수중,2017-10-01,2017-10-01,0
536,신고수리완료,2017-포항-119,포항,2017-10-01,건별 신고,수중,2017-10-01,2017-10-01,0
537,신고수리완료,2017-포항-115,포항,2017-09-30,건별 신고,수중,2017-09-30,2017-09-30,0
538,신고수리완료,2017-포항-116,포항,2017-09-30,건별 신고,수중,2017-09-30,2017-09-30,0
539,신고수리완료,2017-포항-117,포항,2017-09-30,건별 신고,수중,2017-10-01,2017-10-01,0
540,신고수리완료,2017-통영-55,통영,2017-09-29,기간제 신고,수중,2017-10-13,2017-10-19,6
541,신고수리완료,2017-속초-10,속초,2017-09-28,기간제 신고,수중,2017-10-26,2017-12-24,59
542,신고수리완료,2017-포항-114,포항,2017-09-24,건별 신고,수중,2017-09-24,2017-09-24,0
543,신고수리완료,2017-포항-112,포항,2017-09-23,건별 신고,수중,2017-09-23,2017-09-23,0
544,신고수리완료,2017-포항-113,포항,2017-09-23,기간제 신고,수중,2017-10-07,2017-12-06,60
545,신고수리완료,2017-속초-9,속초,2017-09-22,기간제 신고,수중,2017-10-06,2018-04-01,177
546,신고수리완료,2017-통영-54,통영,2017-09-21,건별 신고,수중,2017-09-23,2017-09-24,1
547,신고수리완료,2017-속초-8,속초,2017-09-20,기간제 신고,수중,2017-10-04,2018-04-01,179
548,신고수리완료,2017-포항-110,포항,2017-09-18,기간제 신고,수중,2017-10-02,2017-12-31,90
549,신고수리완료,2017-포항-111,포항,2017-09-18,기간제 신고,수중,2017-10-02,2017-12-31,90
550,신고수리완료,2017-동해-330,동해,2017-09-16,건별 신고,수중,2017-09-16,2017-09-16,0
551,신고수리완료,2017-포항-108,포항,2017-09-16,계획(변경)신고,수중,2017-09-30,2017-12-30,91
552,신고수리완료,2017-포항-109,포항,2017-09-16,기간제 신고,수중,2017-09-30,2017-12-30,91
553,신고수리완료,2017-서귀포-17,서귀포,2017-09-13,기간제 신고,수중,2017-09-27,2017-12-26,90
554,신고수리완료,2017-동해-329,동해,2017-09-12,건별 신고,수중,2017-09-12,2017-09-12,0
555,신고수리완료,2017-동해-324,동해,2017-09-10,건별 신고,수중,2017-09-10,2017-09-10,0
556,신고수리완료,2017-포항-106,포항,2017-09-10,건별 신고,수중,2017-09-10,2017-09-10,0
557,신고수리완료,2017-포항-107,포항,2017-09-10,건별 신고,수중,2017-09-10,2017-09-10,0
558,신고수리완료,2017-동해-323,동해,2017-09-09,건별 신고,수중,2017-09-09,2017-09-09,0
559,신고수리완료,2017-포항-103,포항,2017-09-09,건별 신고,수중,2017-09-09,2017-09-09,0
560,신고수리완료,2017-포항-104,포항,2017-09-09,건별 신고,수중,2017-09-09,2017-09-09,0
561,신고수리완료,2017-포항-105,포항,2017-09-09,건별 신고,수중,2017-09-09,2017-09-09,0
562,신고수리완료,2017-통영-53,통영,2017-09-07,기간제 신고,수중,2017-09-22,2017-11-20,59
563,신고수리완료,2017-포항-101,포항,2017-09-06,건별 신고,수중,2017-09-06,2017-09-06,0
564,신고수리완료,2017-통영-51,통영,2017-09-05,기간제 신고,수중,2017-09-21,2017-12-20,90
565,신고수리완료,2017-포항-100,포항,2017-09-05,건별 신고,수중,2017-09-05,2017-09-05,0
566,신고수리완료,2017-포항-99,포항,2017-09-05,건별 신고,수중,2017-09-05,2017-09-05,0
567,신고수리완료,2017-동해-322,동해,2017-09-03,건별 신고,수중,2017-09-03,2017-09-03,0
568,신고수리완료,2017-포항-96,포항,2017-09-03,건별 신고,수중,2017-09-03,2017-09-03,0
569,신고수리완료,2017-포항-97,포항,2017-09-03,건별 신고,수중,2017-09-03,2017-09-03,0
570,신고수리완료,2017-포항-98,포항,2017-09-03,건별 신고,수중,2017-09-03,2017-09-03,0
571,신고수리완료,2017-동해-320,동해,2017-09-02,건별 신고,수중,2017-09-02,2017-09-02,0
572,신고수리완료,2017-서귀포-16,서귀포,2017-09-02,기간제 신고,수중,2017-09-16,2017-09-30,14
573,신고수리완료,2017-포항-95,포항,2017-09-02,기간제 신고,수중,2017-09-16,2017-12-16,91
574,신고수리완료,2017-포항-94,포항,2017-09-01,기간제 신고,수중,2017-09-15,2017-10-16,31
575,신고수리완료,2017-서귀포-15,서귀포,2017-08-31,건별 신고,수중,2017-09-01,2017-09-01,0
576,신고수리완료,2017-동해-317,동해,2017-08-30,건별 신고,수중,2017-08-30,2017-08-30,0
577,신고수리완료,2017-동해-318,동해,2017-08-30,건별 신고,수중,2017-08-30,2017-08-30,0
578,신고수리완료,2017-서귀포-11,서귀포,2017-08-30,기간제 신고,수중,2017-09-13,2017-11-30,78
579,신고수리완료,2017-서귀포-12,서귀포,2017-08-30,기간제 신고,수중,2017-09-13,2017-11-30,78
580,신고수리완료,2017-서귀포-13,서귀포,2017-08-30,건별 신고,수중,2017-08-31,2017-08-31,0
581,신고수리완료,2017-서귀포-9,서귀포,2017-08-30,건별 신고,수중,2017-08-30,2017-08-30,0
582,신고수리완료,2017-동해-313,동해,2017-08-29,건별 신고,,2017-08-29,2017-08-29,0
583,신고수리완료,2017-동해-314,동해,2017-08-29,건별 신고,수중,2017-08-29,2017-08-29,0
584,신고수리완료,2017-서귀포-8,서귀포,2017-08-29,기간제 신고,수중,2017-09-12,2017-11-23,72
585,신고수리완료,2017-동해-309,동해,2017-08-28,건별 신고,수중,2017-08-28,2017-08-28,0
586,신고수리완료,2017-동해-303,동해,2017-08-27,건별 신고,수중,2017-08-27,2017-08-27,0
587,신고수리완료,2017-동해-303,동해,2017-08-27,건별 신고,수중,2017-08-27,2017-08-27,0
588,신고수리완료,2017-동해-305,동해,2017-08-27,건별 신고,수중,2017-08-27,2017-08-27,0
589,신고수리완료,2017-동해-307,동해,2017-08-27,건별 신고,수중,2017-08-27,2017-08-27,0
590,신고수리완료,2017-동해-308,동해,2017-08-27,건별 신고,수중,2017-08-27,2017-08-27,0
591,신고수리완료,2017-포항-92,포항,2017-08-27,건별 신고,수중,2017-08-27,2017-08-27,0
592,신고수리완료,2017-포항-93,포항,2017-08-27,건별 신고,수중,2017-08-27,2017-08-27,0
593,신고수리완료,2017-동해-291,동해,2017-08-26,건별 신고,수중,2017-08-26,2017-08-26,0
594,신고수리완료,2017-동해-292,동해,2017-08-26,건별 신고,수중,2017-08-26,2017-08-26,0
595,신고수리완료,2017-동해-293,동해,2017-08-26,건별 신고,수중,2017-08-26,2017-08-26,0
596,신고수리완료,2017-동해-293,동해,2017-08-26,건별 신고,수중,2017-08-26,2017-08-26,0
597,신고수리완료,2017-동해-295,동해,2017-08-26,건별 신고,수중,2017-08-26,2017-08-26,0
598,신고수리완료,2017-동해-296,동해,2017-08-26,건별 신고,수중,2017-08-26,2017-08-26,0
599,신고수리완료,2017-동해-297,동해,2017-08-26,건별 신고,수중,2017-08-26,2017-08-26,0
600,신고수리완료,2017-동해-298,동해,2017-08-26,건별 신고,수중,2017-08-26,2017-08-26,0
601,신고수리완료,2017-동해-299,동해,2017-08-26,건별 신고,수중,2017-08-26,2017-08-26,0
602,신고수리완료,2017-동해-300,동해,2017-08-26,건별 신고,수중,2017-08-26,2017-08-26,0
603,신고수리완료,2017-동해-301,동해,2017-08-26,건별 신고,수중,2017-08-26,2017-08-26,0
604,신고수리완료,2017-동해-302,동해,2017-08-26,건별 신고,수중,2017-08-26,2017-08-26,0
605,신고수리완료,2017-포항-81,포항,2017-08-26,건별 신고,수중,2017-08-26,2017-08-26,0
606,신고수리완료,2017-포항-84,포항,2017-08-26,건별 신고,수중,2017-08-26,2017-08-26,0
607,신고수리완료,2017-포항-86,포항,2017-08-26,건별 신고,수중,2017-08-26,2017-08-26,0
608,신고수리완료,2017-포항-90,포항,2017-08-26,건별 신고,수중,2017-08-27,2017-08-27,0
609,신고수리완료,2017-동해-285,동해,2017-08-25,건별 신고,수중,2017-08-25,2017-08-25,0
610,신고수리완료,2017-동해-286,동해,2017-08-25,건별 신고,수중,2017-08-25,2017-08-25,0
611,신고수리완료,2017-동해-287,동해,2017-08-25,건별 신고,수중,2017-08-25,2017-08-25,0
612,신고수리완료,2017-동해-288,동해,2017-08-25,건별 신고,수중,2017-08-25,2017-08-25,0
613,신고수리완료,2017-동해-289,동해,2017-08-25,건별 신고,수중,2017-08-25,2017-08-25,0
614,신고수리완료,2017-동해-290,동해,2017-08-25,건별 신고,수중,2017-08-25,2017-08-25,0
615,신고수리완료,2017-서귀포-4,서귀포,2017-08-25,기간제 신고,수중,2017-09-08,2017-11-09,62
616,신고수리완료,2017-포항-80,포항,2017-08-25,건별 신고,수중,2017-08-25,2017-08-25,0
617,신고수리완료,2017-동해-283,동해,2017-08-24,건별 신고,수중,2017-08-24,2017-08-24,0
618,신고수리완료,2017-서귀포-3,서귀포,2017-08-24,기간제 신고,수중,2017-09-07,2017-11-06,60
619,신고수리완료,2017-포항-79,포항,2017-08-24,기간제 신고,수중,2017-09-07,2017-12-07,91
620,신고수리완료,2017-동해-280,동해,2017-08-23,건별 신고,수중,2017-08-23,2017-08-23,0
621,신고수리완료,2017-동해-280,동해,2017-08-23,건별 신고,수중,2017-08-23,2017-08-23,0
622,신고수리완료,2017-동해-282,동해,2017-08-23,건별 신고,수중,2017-08-23,2017-08-23,0
623,신고수리완료,2017-서귀포-1,서귀포,2017-08-23,기간제 신고,수중,2017-09-07,2017-11-06,60
624,신고수리완료,2017-통영-49,통영,2017-08-23,건별 신고,수중,2017-08-23,2017-08-23,0
625,신고수리완료,2017-포항-78,포항,2017-08-23,건별 신고,수중,2017-08-23,2017-08-23,0
626,신고수리완료,2017-동해-274,동해,2017-08-22,건별 신고,수중,2017-08-22,2017-08-22,0
627,신고수리완료,2017-동해-275,동해,2017-08-22,건별 신고,수중,2017-08-22,2017-08-22,0
628,신고수리완료,2017-동해-277,동해,2017-08-22,건별 신고,수중,2017-08-22,2017-08-22,0
629,신고수리완료,2017-동해-279,동해,2017-08-22,건별 신고,수중,2017-08-22,2017-08-22,0
630,신고수리완료,2017-포항-76,포항,2017-08-22,건별 신고,수중,2017-08-22,2017-08-22,0
631,신고수리완료,2017-동해-271,동해,2017-08-21,기간제 신고,수중,2017-09-04,2017-10-31,57
632,신고수리완료,2017-동해-272,동해,2017-08-21,건별 신고,수중,2017-08-21,2017-08-21,0
633,신고수리완료,2017-포항-75,포항,2017-08-21,건별 신고,수중,2017-08-21,2017-08-21,0
634,신고수리완료,2017-동해-258,동해,2017-08-20,건별 신고,수중,2017-08-20,2017-08-20,0
635,신고수리완료,2017-동해-259,동해,2017-08-20,건별 신고,수중,2017-08-20,2017-08-20,0
636,신고수리완료,2017-동해-260,동해,2017-08-20,건별 신고,수중,2017-08-20,2017-08-20,0
637,신고수리완료,2017-동해-261,동해,2017-08-20,건별 신고,수중,2017-08-20,2017-08-20,0
638,신고수리완료,2017-동해-263,동해,2017-08-20,건별 신고,수중,2017-08-20,2017-08-20,0
639,신고수리완료,2017-동해-264,동해,2017-08-20,건별 신고,수중,2017-08-20,2017-08-20,0
640,신고수리완료,2017-동해-265,동해,2017-08-20,건별 신고,수중,2017-08-20,2017-08-20,0
641,신고수리완료,2017-동해-266,동해,2017-08-20,건별 신고,수중,2017-08-20,2017-08-20,0
642,신고수리완료,2017-동해-267,동해,2017-08-20,건별 신고,수중,2017-08-20,2017-08-20,0
643,신고수리완료,2017-동해-268,동해,2017-08-20,건별 신고,수중,2017-08-20,2017-08-20,0
644,신고수리완료,2017-동해-269,동해,2017-08-20,건별 신고,수중,2017-08-20,2017-08-20,0
645,신고수리완료,2017-포항-72,포항,2017-08-20,건별 신고,수중,2017-08-20,2017-08-20,0
646,신고수리완료,2017-포항-73,포항,2017-08-20,건별 신고,수중,2017-08-20,2017-08-20,0
647,신고수리완료,2017-포항-74,포항,2017-08-20,건별 신고,수중,2017-08-20,2017-08-20,0
648,신고수리완료,2017-동해-246,동해,2017-08-19,건별 신고,수중,2017-08-19,2017-08-19,0
649,신고수리완료,2017-동해-247,동해,2017-08-19,건별 신고,수중,2017-08-19,2017-08-19,0
650,신고수리완료,2017-동해-248,동해,2017-08-19,건별 신고,수중,2017-08-19,2017-08-19,0
651,신고수리완료,2017-동해-249,동해,2017-08-19,건별 신고,수중,2017-08-19,2017-08-19,0
652,신고수리완료,2017-동해-253,동해,2017-08-19,건별 신고,수중,2017-08-19,2017-08-19,0
653,신고수리완료,2017-동해-254,동해,2017-08-19,건별 신고,수중,2017-08-19,2017-08-19,0
654,신고수리완료,2017-동해-255,동해,2017-08-19,건별 신고,수중,2017-08-19,2017-08-19,0
655,신고수리완료,2017-동해-256,동해,2017-08-19,건별 신고,수중,2017-08-19,2017-08-19,0
656,신고수리완료,2017-동해-257,동해,2017-08-19,건별 신고,수중,2017-08-19,2017-08-19,0
657,신고수리완료,2017-통영-47,통영,2017-08-19,건별 신고,수중,2017-08-19,2017-08-20,1
658,신고수리완료,2017-통영-48,통영,2017-08-19,기간제 신고,수중,2017-09-02,2017-12-01,90
659,신고수리완료,2017-포항-70,포항,2017-08-19,건별 신고,수중,2017-08-19,2017-08-19,0
660,신고수리완료,2017-포항-71,포항,2017-08-19,건별 신고,수중,2017-08-19,2017-08-19,0
661,신고수리완료,2017-동해-240,동해,2017-08-18,건별 신고,수중,2017-08-18,2017-08-18,0
662,신고수리완료,2017-동해-241,동해,2017-08-18,건별 신고,수중,2017-08-18,2017-08-18,0
663,신고수리완료,2017-동해-243,동해,2017-08-18,건별 신고,수중,2017-08-18,2017-08-18,0
664,신고수리완료,2017-동해-245,동해,2017-08-18,건별 신고,수중,2017-08-19,2017-08-19,0
665,신고수리완료,2017-통영-45,통영,2017-08-18,건별 신고,수중,2017-08-19,2017-08-20,1
666,신고수리완료,2017-통영-46,통영,2017-08-18,건별 신고,수중,2017-08-19,2017-08-20,1
667,신고수리완료,2017-포항-69,포항,2017-08-18,건별 신고,수중,2017-08-18,2017-08-18,0
668,신고수리완료,2017-동해-235,동해,2017-08-17,건별 신고,수중,2017-08-17,2017-08-17,0
669,신고수리완료,2017-동해-236,동해,2017-08-17,건별 신고,수중,2017-08-17,2017-08-17,0
670,신고수리완료,2017-동해-238,동해,2017-08-17,건별 신고,수중,2017-08-17,2017-08-17,0
671,신고수리완료,2017-동해-239,동해,2017-08-17,건별 신고,수중,2017-08-17,2017-08-17,0
672,신고수리완료,2017-통영-44,통영,2017-08-17,기간제 신고,수중,2017-08-31,2017-11-30,91
673,신고수리완료,2017-동해-233,동해,2017-08-16,건별 신고,수중,2017-08-16,2017-08-16,0
674,신고수리완료,2017-동해-234,동해,2017-08-16,건별 신고,수중,2017-08-16,2017-08-16,0
675,신고수리완료,2017-동해-230,동해,2017-08-15,건별 신고,수중,2017-08-15,2017-08-15,0
676,신고수리완료,2017-동해-231,동해,2017-08-15,건별 신고,수중,2017-08-15,2017-08-15,0
677,신고수리완료,2017-포항-67,포항,2017-08-15,건별 신고,수중,2017-08-15,2017-08-15,0
678,신고수리완료,2017-포항-68,포항,2017-08-15,건별 신고,수중,2017-08-15,2017-08-15,0
679,신고수리완료,2017-동해-221,동해,2017-08-14,건별 신고,수중,2017-08-14,2017-08-14,0
680,신고수리완료,2017-동해-222,동해,2017-08-14,건별 신고,수중,2017-08-14,2017-08-14,0
681,신고수리완료,2017-동해-223,동해,2017-08-14,건별 신고,수중,2017-08-14,2017-08-14,0
682,신고수리완료,2017-동해-224,동해,2017-08-14,건별 신고,수중,2017-08-14,2017-08-14,0
683,신고수리완료,2017-동해-225,동해,2017-08-14,건별 신고,수중,2017-08-14,2017-08-14,0
684,신고수리완료,2017-동해-226,동해,2017-08-14,건별 신고,수중,2017-08-14,2017-08-14,0
685,신고수리완료,2017-동해-229,동해,2017-08-14,건별 신고,수중,2017-08-14,2017-08-14,0
686,신고수리완료,2017-동해-214,동해,2017-08-13,건별 신고,수중,2017-08-13,2017-08-13,0
687,신고수리완료,2017-동해-215,동해,2017-08-13,건별 신고,수중,2017-08-13,2017-08-13,0
688,신고수리완료,2017-동해-216,동해,2017-08-13,건별 신고,수중,2017-08-13,2017-08-13,0
689,신고수리완료,2017-동해-217,동해,2017-08-13,건별 신고,수중,2017-08-13,2017-08-13,0
690,신고수리완료,2017-동해-218,동해,2017-08-13,건별 신고,수중,2017-08-13,2017-08-13,0
691,신고수리완료,2017-동해-219,동해,2017-08-13,건별 신고,수중,2017-08-13,2017-08-13,0
692,신고수리완료,2017-동해-220,동해,2017-08-13,건별 신고,수중,2017-08-13,2017-08-13,0
693,신고수리완료,2017-통영-43,통영,2017-08-13,건별 신고,수중,2017-08-14,2017-08-15,1
694,신고수리완료,2017-포항-63,포항,2017-08-13,건별 신고,수중,2017-08-13,2017-08-13,0
695,신고수리완료,2017-포항-64,포항,2017-08-13,건별 신고,수중,2017-08-13,2017-08-13,0
696,신고수리완료,2017-포항-65,포항,2017-08-13,건별 신고,수중,2017-08-13,2017-08-13,0
697,신고수리완료,2017-포항-66,포항,2017-08-13,건별 신고,수중,2017-08-13,2017-08-13,0
698,신고수리완료,2017-동해-208,동해,2017-08-12,건별 신고,수중,2017-08-12,2017-08-12,0
699,신고수리완료,2017-동해-209,동해,2017-08-12,건별 신고,수중,2017-08-12,2017-08-12,0
700,신고수리완료,2017-동해-210,동해,2017-08-12,건별 신고,수중,2017-08-12,2017-08-12,0
701,신고수리완료,2017-동해-211,동해,2017-08-12,건별 신고,수중,2017-08-12,2017-08-12,0
702,신고수리완료,2017-동해-212,동해,2017-08-12,건별 신고,수중,2017-08-12,2017-08-12,0
703,신고수리완료,2017-동해-213,동해,2017-08-12,건별 신고,수중,2017-08-13,2017-08-13,0
704,신고수리완료,2017-통영-39,통영,2017-08-12,건별 신고,수중,2017-08-12,2017-08-14,2
705,신고수리완료,2017-통영-40,통영,2017-08-12,건별 신고,수중,2017-08-12,2017-08-12,0
706,신고수리완료,2017-통영-42,통영,2017-08-12,건별 신고,수중,2017-08-13,2017-08-13,0
707,신고수리완료,2017-포항-59,포항,2017-08-12,건별 신고,수중,2017-08-12,2017-08-12,0
708,신고수리완료,2017-포항-60,포항,2017-08-12,건별 신고,수중,2017-08-12,2017-08-12,0
709,신고수리완료,2017-포항-61,포항,2017-08-12,건별 신고,수중,2017-08-12,2017-08-12,0
710,신고수리완료,2017-포항-62,포항,2017-08-12,건별 신고,수중,2017-08-13,2017-08-13,0
711,신고수리완료,2017-동해-205,동해,2017-08-11,건별 신고,수중,2017-08-11,2017-08-11,0
712,신고수리완료,2017-동해-206,동해,2017-08-11,기간제 신고,수중,2017-08-25,2017-10-24,60
713,신고수리완료,2017-통영-37,통영,2017-08-11,건별 신고,수중,2017-08-11,2017-08-12,1
714,신고수리완료,2017-통영-38,통영,2017-08-11,건별 신고,수중,2017-08-12,2017-08-12,0
715,신고수리완료,2017-속초-7,속초,2017-08-10,건별 신고,수중,2017-08-12,2017-08-13,1
716,신고수리완료,2017-동해-204,동해,2017-08-09,건별 신고,수중,2017-08-09,2017-08-09,0
717,신고수리완료,2017-동해-201,동해,2017-08-08,건별 신고,수중,2017-08-08,2017-08-08,0
718,신고수리완료,2017-동해-202,동해,2017-08-08,건별 신고,수중,2017-08-08,2017-08-08,0
719,신고수리완료,2017-동해-203,동해,2017-08-08,건별 신고,수중,2017-08-08,2017-08-08,0
720,신고수리완료,2017-포항-58,포항,2017-08-08,건별 신고,수중,2017-08-08,2017-08-08,0
721,신고수리완료,2017-동해-198,동해,2017-08-07,건별 신고,수중,2017-08-07,2017-08-07,0
722,신고수리완료,2017-동해-199,동해,2017-08-07,건별 신고,수중,2017-08-07,2017-08-07,0
723,신고수리완료,2017-동해-200,동해,2017-08-07,건별 신고,수중,2017-08-07,2017-08-07,0
724,신고수리완료,2017-통영-34,통영,2017-08-07,건별 신고,수중,2017-08-12,2017-08-13,1
725,신고수리완료,2017-포항-57,포항,2017-08-07,건별 신고,수중,2017-08-07,2017-08-07,0
726,신고수리완료,2017-동해-185,동해,2017-08-06,건별 신고,수중,2017-08-06,2017-08-06,0
727,신고수리완료,2017-동해-186,동해,2017-08-06,건별 신고,수중,2017-08-06,2017-08-06,0
728,신고수리완료,2017-동해-187,동해,2017-08-06,건별 신고,수중,2017-08-06,2017-08-06,0
729,신고수리완료,2017-동해-188,동해,2017-08-06,건별 신고,수중,2017-08-06,2017-08-06,0
730,신고수리완료,2017-동해-189,동해,2017-08-06,건별 신고,수중,2017-08-06,2017-08-06,0
731,신고수리완료,2017-동해-190,동해,2017-08-06,건별 신고,수중,2017-08-06,2017-08-06,0
732,신고수리완료,2017-동해-194,동해,2017-08-06,건별 신고,수중,2017-08-06,2017-08-06,0
733,신고수리완료,2017-동해-195,동해,2017-08-06,건별 신고,수중,2017-08-06,2017-08-06,0
734,신고수리완료,2017-동해-196,동해,2017-08-06,건별 신고,수중,2017-08-06,2017-08-06,0
735,신고수리완료,2017-동해-197,동해,2017-08-06,건별 신고,수중,2017-08-06,2017-08-06,0
736,신고수리완료,2017-포항-55,포항,2017-08-06,건별 신고,수중,2017-08-06,2017-08-06,0
737,신고수리완료,2017-포항-56,포항,2017-08-06,건별 신고,수중,2017-08-06,2017-08-06,0
738,신고수리완료,2017-동해-171,동해,2017-08-05,건별 신고,수중,2017-08-05,2017-08-05,0
739,신고수리완료,2017-동해-172,동해,2017-08-05,건별 신고,수중,2017-08-05,2017-08-05,0
740,신고수리완료,2017-동해-173,동해,2017-08-05,건별 신고,수중,2017-08-05,2017-08-05,0
741,신고수리완료,2017-동해-174,동해,2017-08-05,건별 신고,수중,2017-08-05,2017-08-05,0
742,신고수리완료,2017-동해-175,동해,2017-08-05,건별 신고,수중,2017-08-05,2017-08-05,0
743,신고수리완료,2017-동해-176,동해,2017-08-05,건별 신고,수중,2017-08-05,2017-08-05,0
744,신고수리완료,2017-동해-177,동해,2017-08-05,건별 신고,수중,2017-08-05,2017-08-05,0
745,신고수리완료,2017-동해-178,동해,2017-08-05,건별 신고,수중,2017-08-06,2017-08-06,0
746,신고수리완료,2017-동해-184,동해,2017-08-05,건별 신고,수중,2017-08-06,2017-08-06,0
747,신고수리완료,2017-통영-32,통영,2017-08-05,건별 신고,수중,2017-08-06,2017-08-06,0
748,신고수리완료,2017-포항-52,포항,2017-08-05,건별 신고,수중,2017-08-05,2017-08-05,0
749,신고수리완료,2017-포항-53,포항,2017-08-05,건별 신고,수중,2017-08-05,2017-08-05,0
750,신고수리완료,2017-포항-54,포항,2017-08-05,건별 신고,수중,2017-08-06,2017-08-06,0
751,신고수리완료,2017-동해-161,동해,2017-08-04,건별 신고,수중,2017-08-04,2017-08-04,0
752,신고수리완료,2017-동해-162,동해,2017-08-04,건별 신고,수중,2017-08-04,2017-08-04,0
753,신고수리완료,2017-동해-163,동해,2017-08-04,건별 신고,수중,2017-08-04,2017-08-04,0
754,신고수리완료,2017-동해-164,동해,2017-08-04,건별 신고,수중,2017-08-04,2017-08-04,0
755,신고수리완료,2017-동해-165,동해,2017-08-04,건별 신고,수중,2017-08-04,2017-08-04,0
756,신고수리완료,2017-동해-166,동해,2017-08-04,건별 신고,수중,2017-08-04,2017-08-04,0
757,신고수리완료,2017-동해-167,동해,2017-08-04,건별 신고,수중,2017-08-05,2017-08-05,0
758,신고수리완료,2017-동해-170,동해,2017-08-04,건별 신고,수중,2017-08-05,2017-08-05,0
759,신고수리완료,2017-통영-30,통영,2017-08-04,건별 신고,수중,2017-08-05,2017-08-05,0
760,신고수리완료,2017-포항-47,포항,2017-08-04,건별 신고,수중,2017-08-04,2017-08-04,0
761,신고수리완료,2017-포항-49,포항,2017-08-04,건별 신고,수중,2017-08-04,2017-08-04,0
762,신고수리완료,2017-포항-50,포항,2017-08-04,건별 신고,수중,2017-08-04,2017-08-04,0
763,신고수리완료,2017-포항-51,포항,2017-08-04,건별 신고,수중,2017-08-05,2017-08-05,0
764,신고수리완료,2017-동해-155,동해,2017-08-03,건별 신고,수중,2017-08-03,2017-08-03,0
765,신고수리완료,2017-동해-156,동해,2017-08-03,건별 신고,수중,2017-08-03,2017-08-03,0
766,신고수리완료,2017-동해-157,동해,2017-08-03,건별 신고,수중,2017-08-03,2017-08-03,0
767,신고수리완료,2017-동해-158,동해,2017-08-03,건별 신고,수중,2017-08-03,2017-08-03,0
768,신고수리완료,2017-동해-159,동해,2017-08-03,건별 신고,수중,2017-08-03,2017-08-03,0
769,신고수리완료,2017-동해-160,동해,2017-08-03,건별 신고,수중,2017-08-04,2017-08-04,0
770,신고수리완료,2017-통영-28,통영,2017-08-03,건별 신고,수중,2017-08-03,2017-08-03,0
771,신고수리완료,2017-통영-29,통영,2017-08-03,건별 신고,수중,2017-08-04,2017-08-04,0
772,신고수리완료,2017-포항-46,포항,2017-08-03,건별 신고,수중,2017-08-03,2017-08-03,0
773,신고수리완료,2017-동해-149,동해,2017-08-02,건별 신고,수중,2017-08-02,2017-08-02,0
774,신고수리완료,2017-동해-150,동해,2017-08-02,건별 신고,수중,2017-08-02,2017-08-02,0
775,신고수리완료,2017-동해-151,동해,2017-08-02,건별 신고,수중,2017-08-02,2017-08-02,0
776,신고수리완료,2017-동해-152,동해,2017-08-02,건별 신고,수중,2017-08-02,2017-08-02,0
777,신고수리완료,2017-동해-153,동해,2017-08-02,건별 신고,수중,2017-08-02,2017-08-02,0
778,신고수리완료,2017-동해-154,동해,2017-08-02,건별 신고,수중,2017-08-03,2017-08-03,0
779,신고수리완료,2017-포항-44,포항,2017-08-02,건별 신고,수중,2017-08-02,2017-08-02,0
780,신고수리완료,2017-포항-45,포항,2017-08-02,건별 신고,수중,2017-08-02,2017-08-02,0
781,신고수리완료,2017-동해-141,동해,2017-08-01,건별 신고,수중,2017-08-01,2017-08-01,0
782,신고수리완료,2017-동해-142,동해,2017-08-01,건별 신고,수중,2017-08-01,2017-08-01,0
783,신고수리완료,2017-동해-143,동해,2017-08-01,건별 신고,수중,2017-08-01,2017-08-01,0
784,신고수리완료,2017-동해-144,동해,2017-08-01,건별 신고,수중,2017-08-01,2017-08-01,0
785,신고수리완료,2017-동해-145,동해,2017-08-01,건별 신고,수중,2017-08-01,2017-08-01,0
786,신고수리완료,2017-동해-147,동해,2017-08-01,건별 신고,수중,2017-08-01,2017-08-01,0
787,신고수리완료,2017-동해-148,동해,2017-08-01,건별 신고,수중,2017-08-01,2017-08-01,0
788,신고수리완료,2017-동해-132,동해,2017-07-31,건별 신고,수중,2017-07-31,2017-07-31,0
789,신고수리완료,2017-동해-133,동해,2017-07-31,건별 신고,수중,2017-07-31,2017-07-31,0
790,신고수리완료,2017-동해-134,동해,2017-07-31,건별 신고,수중,2017-07-31,2017-07-31,0
791,신고수리완료,2017-동해-135,동해,2017-07-31,건별 신고,수중,2017-07-31,2017-07-31,0
792,신고수리완료,2017-동해-136,동해,2017-07-31,건별 신고,수중,2017-07-31,2017-07-31,0
793,신고수리완료,2017-동해-137,동해,2017-07-31,건별 신고,수중,2017-07-31,2017-07-31,0
794,신고수리완료,2017-속초-3,속초,2017-07-31,건별 신고,수중,2017-08-02,2017-08-03,1
795,신고수리완료,2017-속초-4,속초,2017-07-31,건별 신고,수중,2017-08-02,2017-08-03,1
796,신고수리완료,2017-속초-5,속초,2017-07-31,건별 신고,수중,2017-08-02,2017-08-03,1
797,신고수리완료,2017-속초-6,속초,2017-07-31,건별 신고,수중,2017-08-05,2017-08-06,1
798,신고수리완료,2017-포항-43,포항,2017-07-31,건별 신고,수중,2017-07-31,2017-07-31,0
799,신고수리완료,2017-동해-120,동해,2017-07-30,건별 신고,수중,2017-07-30,2017-07-30,0
800,신고수리완료,2017-동해-121,동해,2017-07-30,건별 신고,수중,2017-07-31,2017-07-31,0
801,신고수리완료,2017-동해-122,동해,2017-07-30,건별 신고,수중,2017-07-30,2017-07-30,0
802,신고수리완료,2017-동해-123,동해,2017-07-30,건별 신고,수중,2017-07-30,2017-07-30,0
803,신고수리완료,2017-동해-124,동해,2017-07-30,건별 신고,수중,2017-07-30,2017-07-30,0
804,신고수리완료,2017-동해-125,동해,2017-07-30,건별 신고,수중,2017-07-31,2017-07-31,0
805,신고수리완료,2017-동해-126,동해,2017-07-30,건별 신고,수중,2017-07-30,2017-07-30,0
806,신고수리완료,2017-동해-127,동해,2017-07-30,건별 신고,수중,2017-07-30,2017-07-30,0
807,신고수리완료,2017-동해-129,동해,2017-07-30,건별 신고,수중,2017-07-30,2017-07-30,0
808,신고수리완료,2017-동해-130,동해,2017-07-30,건별 신고,수중,2017-07-30,2017-07-30,0
809,신고수리완료,2017-동해-131,동해,2017-07-30,건별 신고,수중,2017-07-30,2017-07-30,0
810,신고수리완료,2017-포항-40,포항,2017-07-30,건별 신고,수중,2017-07-30,2017-07-30,0
811,신고수리완료,2017-포항-41,포항,2017-07-30,건별 신고,수중,2017-07-30,2017-07-30,0
812,신고수리완료,2017-포항-42,포항,2017-07-30,건별 신고,수중,2017-07-30,2017-07-30,0
813,신고수리완료,2017-동해-108,동해,2017-07-29,건별 신고,수중,2017-07-29,2017-07-29,0
814,신고수리완료,2017-동해-109,동해,2017-07-29,건별 신고,수중,2017-07-29,2017-07-29,0
815,신고수리완료,2017-동해-110,동해,2017-07-29,건별 신고,수중,2017-07-29,2017-07-29,0
816,신고수리완료,2017-동해-111,동해,2017-07-29,건별 신고,수중,2017-07-29,2017-07-29,0
817,신고수리완료,2017-동해-113,동해,2017-07-29,건별 신고,수중,2017-07-29,2017-07-29,0
818,신고수리완료,2017-동해-114,동해,2017-07-29,건별 신고,수중,2017-07-29,2017-07-29,0
819,신고수리완료,2017-동해-115,동해,2017-07-29,건별 신고,수중,2017-07-29,2017-07-29,0
820,신고수리완료,2017-동해-116,동해,2017-07-29,건별 신고,수중,2017-07-29,2017-07-29,0
821,신고수리완료,2017-동해-117,동해,2017-07-29,건별 신고,수중,2017-07-29,2017-07-29,0
822,신고수리완료,2017-동해-118,동해,2017-07-29,건별 신고,수중,2017-07-29,2017-07-29,0
823,신고수리완료,2017-동해-119,동해,2017-07-29,기간제 신고,수중,2017-08-12,2017-10-11,60
824,신고수리완료,2017-통영-23,통영,2017-07-29,건별 신고,수중,2017-07-29,2017-07-29,0
825,신고수리완료,2017-통영-24,통영,2017-07-29,건별 신고,수중,2017-07-29,2017-07-30,1
826,신고수리완료,2017-포항-38,포항,2017-07-29,건별 신고,수중,2017-07-29,2017-07-29,0
827,신고수리완료,2017-포항-39,포항,2017-07-29,건별 신고,수중,2017-07-29,2017-07-29,0
828,신고수리완료,2017-동해-101,동해,2017-07-28,건별 신고,수중,2017-07-28,2017-07-28,0
829,신고수리완료,2017-동해-102,동해,2017-07-28,건별 신고,수중,2017-07-28,2017-07-28,0
830,신고수리완료,2017-동해-103,동해,2017-07-28,건별 신고,수중,2017-07-28,2017-07-28,0
831,신고수리완료,2017-동해-104,동해,2017-07-28,건별 신고,수중,2017-07-28,2017-07-28,0
832,신고수리완료,2017-동해-106,동해,2017-07-28,기간제 신고,수중,2017-08-11,2017-09-30,50
833,신고수리완료,2017-동해-107,동해,2017-07-28,건별 신고,수중,2017-07-28,2017-07-28,0
834,신고수리완료,2017-통영-22,통영,2017-07-28,건별 신고,수중,2017-07-30,2017-07-30,0
835,신고수리완료,2017-포항-37,포항,2017-07-28,건별 신고,수중,2017-07-28,2017-07-28,0
836,신고수리완료,2017-동해-99,동해,2017-07-27,건별 신고,수중,2017-07-27,2017-07-27,0
837,신고수리완료,2017-통영-20,통영,2017-07-27,건별 신고,수중,2017-07-27,2017-07-27,0
838,신고수리완료,2017-통영-21,통영,2017-07-27,건별 신고,수중,2017-07-27,2017-07-27,0
839,신고수리완료,2017-동해-93,동해,2017-07-26,건별 신고,수중,2017-07-26,2017-07-26,0
840,신고수리완료,2017-동해-95,동해,2017-07-26,건별 신고,수중,2017-07-26,2017-07-26,0
841,신고수리완료,2017-동해-96,동해,2017-07-26,건별 신고,수중,2017-07-26,2017-07-26,0
842,신고수리완료,2017-동해-97,동해,2017-07-26,건별 신고,수중,2017-07-26,2017-07-26,0
843,신고수리완료,2017-동해-90,동해,2017-07-25,건별 신고,수중,2017-07-25,2017-07-26,1
844,신고수리완료,2017-동해-91,동해,2017-07-25,기간제 신고,수중,2017-08-08,2017-10-07,60
845,신고수리완료,2017-포항-35,포항,2017-07-25,건별 신고,수중,2017-07-25,2017-07-25,0
846,신고수리완료,2017-포항-36,포항,2017-07-25,건별 신고,수중,2017-07-25,2017-07-25,0
847,신고수리완료,2017-동해-85,동해,2017-07-24,건별 신고,수중,2017-07-24,2017-07-24,0
848,신고수리완료,2017-동해-86,동해,2017-07-24,건별 신고,수중,2017-07-24,2017-07-24,0
849,신고수리완료,2017-동해-78,동해,2017-07-23,건별 신고,수중,2017-07-23,2017-07-23,0
850,신고수리완료,2017-동해-79,동해,2017-07-23,건별 신고,수중,2017-07-23,2017-07-23,0
851,신고수리완료,2017-동해-80,동해,2017-07-23,건별 신고,수중,2017-07-23,2017-07-23,0
852,신고수리완료,2017-동해-81,동해,2017-07-23,건별 신고,수중,2017-07-23,2017-07-23,0
853,신고수리완료,2017-동해-82,동해,2017-07-23,건별 신고,수중,2017-07-23,2017-07-23,0
854,신고수리완료,2017-동해-83,동해,2017-07-23,건별 신고,수중,2017-07-23,2017-07-23,0
855,신고수리완료,2017-동해-84,동해,2017-07-23,건별 신고,수중,2017-07-23,2017-07-23,0
856,신고수리완료,2017-포항-32,포항,2017-07-23,건별 신고,수중,2017-07-23,2017-07-23,0
857,신고수리완료,2017-포항-33,포항,2017-07-23,건별 신고,수중,2017-07-23,2017-07-23,0
858,신고수리완료,2017-포항-34,포항,2017-07-23,건별 신고,수중,2017-07-23,2017-07-23,0
859,신고수리완료,2017-동해-69,동해,2017-07-22,건별 신고,수중,2017-07-22,2017-07-22,0
860,신고수리완료,2017-동해-71,동해,2017-07-22,건별 신고,수중,2017-07-22,2017-07-22,0
861,신고수리완료,2017-동해-72,동해,2017-07-22,건별 신고,수중,2017-07-22,2017-07-22,0
862,신고수리완료,2017-동해-73,동해,2017-07-22,건별 신고,수중,2017-07-22,2017-07-22,0
863,신고수리완료,2017-동해-74,동해,2017-07-22,건별 신고,수중,2017-07-22,2017-07-22,0
864,신고수리완료,2017-동해-75,동해,2017-07-22,건별 신고,수중,2017-07-22,2017-07-22,0
865,신고수리완료,2017-동해-76,동해,2017-07-22,건별 신고,수중,2017-07-23,2017-07-23,0
866,신고수리완료,2017-동해-77,동해,2017-07-22,건별 신고,수중,2017-07-25,2017-07-31,6
867,신고수리완료,2017-포항-30,포항,2017-07-22,건별 신고,수중,2017-07-22,2017-07-22,0
868,신고수리완료,2017-포항-31,포항,2017-07-22,기간제 신고,수중,2017-08-05,2017-09-05,31
869,신고수리완료,2017-동해-68,동해,2017-07-21,건별 신고,수중,2017-07-21,2017-07-21,0
870,신고수리완료,2017-동해-64,동해,2017-07-20,건별 신고,수중,2017-07-20,2017-07-20,0
871,신고수리완료,2017-동해-65,동해,2017-07-20,건별 신고,수중,2017-07-20,2017-07-20,0
872,신고수리완료,2017-동해-66,동해,2017-07-20,기간제 신고,수중,2017-08-03,2017-10-02,60
873,신고수리완료,2017-동해-61,동해,2017-07-19,건별 신고,수중,2017-07-19,2017-07-19,0
874,신고수리완료,2017-동해-62,동해,2017-07-19,건별 신고,수중,2017-07-19,2017-07-19,0
875,신고수리완료,2017-동해-63,동해,2017-07-19,건별 신고,수중,2017-07-20,2017-07-20,0
876,신고수리완료,2017-속초-2,속초,2017-07-19,건별 신고,수중,2017-07-22,2017-07-24,2
877,신고수리완료,2017-포항-27,포항,2017-07-19,건별 신고,수중,2017-07-19,2017-07-19,0
878,신고수리완료,2017-동해-60,동해,2017-07-18,건별 신고,수중,2017-07-18,2017-07-18,0
879,신고수리완료,2017-동해-57,동해,2017-07-17,건별 신고,수중,2017-07-17,2017-07-17,0
880,신고수리완료,2017-동해-58,동해,2017-07-17,건별 신고,수중,2017-07-17,2017-07-17,0
881,신고수리완료,2017-동해-59,동해,2017-07-17,건별 신고,수중,2017-07-17,2017-07-17,0
882,신고수리완료,2017-포항-25,포항,2017-07-17,건별 신고,수중,2017-07-17,2017-07-17,0
883,신고수리완료,2017-동해-52,동해,2017-07-16,건별 신고,수중,2017-07-16,2017-07-16,0
884,신고수리완료,2017-동해-53,동해,2017-07-16,건별 신고,수중,2017-07-16,2017-07-16,0
885,신고수리완료,2017-동해-54,동해,2017-07-16,건별 신고,수중,2017-07-16,2017-07-16,0
886,신고수리완료,2017-동해-55,동해,2017-07-16,건별 신고,수중,2017-07-16,2017-07-16,0
887,신고수리완료,2017-동해-56,동해,2017-07-16,건별 신고,수중,2017-07-16,2017-07-16,0
888,신고수리완료,2017-포항-23,포항,2017-07-16,건별 신고,수중,2017-07-16,2017-07-16,0
889,신고수리완료,2017-포항-24,포항,2017-07-16,건별 신고,수중,2017-07-16,2017-07-16,0
890,신고수리완료,2017-동해-42,동해,2017-07-15,건별 신고,수중,2017-07-15,2017-07-15,0
891,신고수리완료,2017-동해-43,동해,2017-07-15,건별 신고,수중,2017-07-15,2017-07-15,0
892,신고수리완료,2017-동해-44,동해,2017-07-15,건별 신고,수중,2017-07-15,2017-07-15,0
893,신고수리완료,2017-동해-46,동해,2017-07-15,건별 신고,수중,2017-07-15,2017-07-15,0
894,신고수리완료,2017-동해-47,동해,2017-07-15,건별 신고,수중,2017-07-15,2017-07-15,0
895,신고수리완료,2017-동해-49,동해,2017-07-15,건별 신고,수중,2017-07-16,2017-07-16,0
896,신고수리완료,2017-동해-50,동해,2017-07-15,건별 신고,수중,2017-07-15,2017-07-15,0
897,신고수리완료,2017-동해-51,동해,2017-07-15,건별 신고,수중,2017-07-15,2017-07-15,0
898,신고수리완료,2017-포항-21,포항,2017-07-15,건별 신고,수중,2017-07-15,2017-07-15,0
899,신고수리완료,2017-포항-22,포항,2017-07-15,건별 신고,수중,2017-07-15,2017-07-15,0
900,신고수리완료,2017-동해-38,동해,2017-07-14,건별 신고,수중,2017-07-14,2017-07-14,0
901,신고수리완료,2017-동해-39,동해,2017-07-14,건별 신고,수중,2017-07-14,2017-07-14,0
902,신고수리완료,2017-동해-40,동해,2017-07-14,건별 신고,수중,2017-07-15,2017-07-15,0
903,신고수리완료,2017-동해-41,동해,2017-07-14,기간제 신고,수중,2017-07-28,2017-08-01,4
904,신고수리완료,2017-속초-1,속초,2017-07-14,기간제 신고,수중,2017-07-28,2017-10-31,95
905,신고수리완료,2017-동해-35,동해,2017-07-13,건별 신고,수중,2017-07-13,2017-07-13,0
906,신고수리완료,2017-동해-36,동해,2017-07-13,건별 신고,수중,2017-07-13,2017-07-13,0
907,신고수리완료,2017-통영-14,통영,2017-07-13,기간제 신고,수중,2017-07-27,2017-10-26,91
908,신고수리완료,2017-통영-16,통영,2017-07-13,기간제 신고,수중,2017-07-27,2017-10-26,91
909,신고수리완료,2017-통영-17,통영,2017-07-13,기간제 신고,수중,2017-07-27,2017-10-26,91
910,신고수리완료,2017-통영-18,통영,2017-07-13,기간제 신고,수중,2017-07-27,2017-10-26,91
911,신고수리완료,2017-통영-12,통영,2017-07-12,건별 신고,수중,2017-07-15,2017-07-15,0
912,신고수리완료,2017-통영-11,통영,2017-07-11,기간제 신고,수중,2017-07-25,2017-10-24,91
913,신고수리완료,2017-포항-20,포항,2017-07-11,건별 신고,수중,2017-07-11,2017-07-11,0
914,신고수리완료,2017-통영-10,통영,2017-07-10,기간제 신고,수중,2017-07-29,2017-09-29,62
915,신고수리완료,2017-동해-32,동해,2017-07-09,건별 신고,수중,2017-07-09,2017-07-09,0
916,신고수리완료,2017-동해-33,동해,2017-07-09,건별 신고,수중,2017-07-09,2017-07-13,4
917,신고수리완료,2017-통영-9,통영,2017-07-09,기간제 신고,수중,2017-07-23,2017-10-22,91
918,신고수리완료,2017-포항-17,포항,2017-07-09,건별 신고,수중,2017-07-09,2017-07-09,0
919,신고수리완료,2017-포항-18,포항,2017-07-09,건별 신고,수중,2017-07-09,2017-07-09,0
920,신고수리완료,2017-동해-29,동해,2017-07-08,건별 신고,수중,2017-07-08,2017-07-08,0
921,신고수리완료,2017-동해-30,동해,2017-07-08,건별 신고,수중,2017-07-08,2017-07-08,0
922,신고수리완료,2017-동해-31,동해,2017-07-08,기간제 신고,수중,2017-07-22,2017-08-23,32
923,신고수리완료,2017-포항-11,포항,2017-07-08,건별 신고,수중,2017-07-08,2017-07-08,0
924,신고수리완료,2017-포항-12,포항,2017-07-08,건별 신고,수중,2017-07-08,2017-07-08,0
925,신고수리완료,2017-동해-26,동해,2017-07-07,건별 신고,수중,2017-07-07,2017-07-07,0
926,신고수리완료,2017-동해-27,동해,2017-07-07,기간제 신고,수중,2017-07-21,2017-08-30,40
927,신고수리완료,2017-포항-10,포항,2017-07-07,기간제 신고,수중,2017-07-21,2017-09-20,61
928,신고수리완료,2017-동해-22,동해,2017-07-06,건별 신고,수중,2017-07-06,2017-07-06,0
929,신고수리완료,2017-동해-23,동해,2017-07-06,건별 신고,수중,2017-07-06,2017-07-06,0
930,신고수리완료,2017-동해-24,동해,2017-07-06,기간제 신고,수중,2017-07-20,2017-10-19,91
931,신고수리완료,2017-동해-20,동해,2017-07-04,기간제 신고,수중,2017-07-18,2017-10-13,87
932,신고수리완료,2017-포항-8,포항,2017-07-04,건별 신고,수중,2017-07-04,2017-07-04,0
933,신고수리완료,2017-포항-7,포항,2017-07-03,기간제 신고,수중,2017-07-17,2017-09-16,61
934,신고수리완료,2017-동해-17,동해,2017-07-02,건별 신고,수중,2017-07-02,2017-07-02,0
935,신고수리완료,2017-동해-14,동해,2017-07-01,건별 신고,수중,2017-07-01,2017-07-01,0
936,신고수리완료,2017-동해-16,동해,2017-07-01,건별 신고,수중,2017-07-01,2017-07-01,0
937,신고수리완료,2017-동해-10,동해,2017-06-30,기간제 신고,수중,2017-07-14,2017-08-02,19
938,신고수리완료,2017-동해-12,동해,2017-06-30,기간제 신고,수중,2017-07-14,2017-09-13,61
939,신고수리완료,2017-동해-13,동해,2017-06-30,건별 신고,수중,2017-07-01,2017-07-01,0
940,신고수리완료,2017-동해-3,동해,2017-06-30,기간제 신고,수중,2017-07-14,2017-10-13,91
941,신고수리완료,2017-동해-4,동해,2017-06-30,기간제 신고,수중,2017-07-14,2017-10-13,91
942,신고수리완료,2017-동해-5,동해,2017-06-30,기간제 신고,수중,2017-07-14,2017-10-13,91
943,신고수리완료,2017-동해-6,동해,2017-06-30,기간제 신고,수중,2017-07-14,2017-10-13,91
944,신고수리완료,2017-동해-7,동해,2017-06-30,기간제 신고,수중,2017-07-14,2017-08-06,23
945,신고수리완료,2017-동해-8,동해,2017-06-30,기간제 신고,수중,2017-07-14,2017-10-13,91
946,신고수리완료,2017-동해-9,동해,2017-06-30,기간제 신고,수중,2017-07-14,2017-08-12,29
947,신고수리완료,2017-동해-2,동해,2017-06-27,기간제 신고,수중,2017-07-14,2017-10-13,91
948,신고수리완료,2017-통영-4,통영,2017-06-13,기간제 신고,수중,2017-06-27,2017-09-30,95
949,신고수리완료,2017-통영-2,통영,2017-06-07,기간제 신고,수중,2017-06-21,2017-09-20,91
950,신고수리완료,2017-통영-1,통영,2017-06-05,기간제 신고,수중,2017-06-19,2017-09-18,91
